#FeatureID	1-AC-PMA_filtered	1-Abd-PMA_filtered	1-Abd_filtered	1-FH-PMA_filtered	1-FH_filtered	1-PC-PMA_filtered	1-UB-PMA_filtered	1-UB_filtered	10-AC_filtered	10-Abd_PMA_filtered	10-Abd_filtered	10-FA_PMA_filtered	10-FA_filtered	10-FH_PMA_filtered	10-FH_filtered	10-PC_filtered	10-UB_PMA_filtered	10-UB_filtered	11-AC_PMA_filtered	11-AC_filtered	11-Abd_filtered	11-FA_PMA_filtered	11-FA_filtered	11-FH_PMA_filtered	11-FH_filtered	11-PC_PMA_filtered	11-PC_filtered	11-UB_PMA_filtered	11-UB_filtered	1bis-AC-PMA_filtered	1bis-AC_filtered	1bis-Abd-PMA_filtered	1bis-Abd_filtered	1bis-FA-PMA_filtered	1bis-FH-PMA_filtered	1bis-FH_filtered	1bis-PC-PMA_filtered	1bis-UB-PMA_filtered	1bis-UB_filtered	2-AC-PMA_filtered	2-AC_filtered	2-Abd-PMA_filtered	2-FA_filtered	2-FH-PMA_filtered	2-FH_filtered	2-PC-PMA_filtered	2-PC_filtered	2-UB-PMA_filtered	2-UB_filtered	3-AC-PMA_filtered	3-AC_filtered	3-Abd-PMA_filtered	3-Abd_filtered	3-FA_filtered	3-FH-PMA_filtered	3-FH_filtered	3-PC-PMA_filtered	3-PC_filtered	3-UB-PMA_filtered	3-UB_filtered	4-AC-PMA_filtered	4-AC_filtered	4-Abd_filtered	4-FA-PMA_filtered	4-FA_filtered	4-FH-PMA_filtered	4-FH_filtered	4-PC-PMA_filtered	4-PC_filtered	4-UB-PMA_filtered	4-UB_filtered	5-AC-PMA_filtered	5-AC_filtered	5-Abd_filtered	5-FA-PMA_filtered	5-FA_filtered	5-FH-PMA_filtered	5-FH_filtered	5-PC-PMA_filtered	5-PC_filtered	5-UB-PMA_filtered	5-UB_filtered	6-AC-PMA_filtered	6-AC_filtered	6-Abd_filtered	6-FA_filtered	6-FH-PMA_filtered	6-FH_filtered	6-PC-PMA_filtered	6-PC_filtered	6-UB-PMA_filtered	6-UB_filtered	7-AC_filtered	7-Abd_filtered	7-FA-PMA_filtered	7-FA_filtered	7-FH-PMA_filtered	7-FH_filtered	7-PC-PMA_filtered	7-PC_filtered	7-UB-PMA_filtered	7-UB_filtered	8-AC_PMA_filtered	8-AC_filtered	8-Abd_PMA_filtered	8-Abd_filtered	8-FA_PMA_filtered	8-FA_filtered	8-FH_PMA_filtered	8-FH_filtered	8-PC_PMA_filtered	8-PC_filtered	8-UB_PMA_filtered	8-UB_filtered	9-AC_PMA_filtered	9-AC_filtered	9-Abd_filtered	9-FA_filtered	9-FH_PMA_filtered	9-FH_filtered	9-PC_PMA_filtered	9-PC_filtered	9-UB_filtered
[Propionibacterium] namnetense	45880	34176	11757	21531	21779	24547	18139	21630	19115	5739	13517	5554	3797	30912	30755	19341	32074	47310	433	134	1176	2290	1393	7791	6427	469	310	5242	5503	16207	14960	10274	6641	33596	20296	23145	32702	10937	9735	7681	8548	13166	23087	11407	19010	3356	1065	39006	30969	40	10972	42167	50180	16550	15746	13451	29547	33523	20897	17211	20396	28602	141374	33730	55287	32990	16621	9109	2052	34139	16017	48419	84078	80395	37856	32998	11974	12609	51585	24442	46714	6649	149414	215765	52214	206031	21408	38450	40969	46684	13450	6823	29330	47205	30365	32502	22278	15028	4611	11416	62810	29525	5085	4461	20358	15170	42097	23896	25495	105817	7589	6039	14535	37053	4246	9236	6405	8427	7377	6043	5315	6248	19222
Abiotrophia defectiva	366	7	9	16	21	286	32	26	0	0	0	56	82	2	0	6	0	1	0	0	1	35	17	0	0	4	4	1	1	153	9	5	0	134	8	11	120	0	0	141	331	51	58	0	0	1418	33	8	2	1632	156	969	2	16	0	1	56	61	1	1	391	1293	2564	562	939	1376	787	430	101	0	5	85	537	291	431	436	8	11	170	175	12	3	835	806	304	1314	214	226	1041	273	22	7	2202	1110	1775	1361	85	105	777	358	106	43	93	74	376	279	518	242	45	269	54	110	100	200	20	10	14	49	0	164	132	29	0
Acinetobacter johnsonii	117	10	6	3	11	69	13	8	2610	64	475	275	363	69	78	313	213	174	10	7	24	81	72	0	5	51	73	3	11	35	20	5	0	294	5	7	393	2	4	863	809	485	699	0	5	959	498	147	36	78	184	951	992	499	0	2	1757	1915	18	14	354	445	869	310	494	34	11	444	66	0	8	60	59	828	189	117	0	2	497	208	12	3	611	231	70	333	23	26	891	188	25	8	197	216	1337	1152	36	42	223	1042	77	20	256	226	1037	582	1171	488	281	1040	557	448	665	913	241	36	69	1038	15	863	461	95	1
Acinetobacter lwoffii	15	2	0	0	0	39	0	0	142	118	237	152	111	16	12	60	46	52	0	2	2	31	13	0	0	8	4	0	1	1	2	0	0	1	1	0	1	0	0	35	38	0	13	0	0	16	0	18	5	4	1	103	95	69	0	2	333	237	3	4	81	29	111	25	42	2	0	58	12	0	1	11	7	18	42	7	0	0	32	9	0	0	17	9	9	15	3	1	141	14	0	0	77	82	241	221	16	7	135	357	18	8	32	18	177	104	124	98	62	279	43	52	99	153	14	6	7	267	0	67	20	11	0
Acinetobacter sp. BMW17	87	2	5	3	3	65	3	0	1634	174	402	219	240	95	83	186	220	200	5	2	8	38	17	0	0	25	34	3	3	35	3	0	0	65	2	0	197	2	0	210	440	844	48	0	1	77	22	29	3	0	215	95	43	73	1	3	453	93	3	2	284	180	472	157	183	18	3	160	33	0	3	29	16	124	142	20	0	1	87	54	6	0	39	62	41	66	19	3	406	30	3	0	221	384	997	832	16	18	484	1102	32	9	133	167	907	442	629	338	235	986	313	280	474	917	177	6	17	1201	0	301	234	11	3
Acinetobacter ursingii	388	8	14	35	32	565	5	4	2042	513	1262	1097	280	203	205	185	398	444	8	8	23	114	41	5	4	61	77	6	4	0	37	2	8	807	31	27	435	2	5	680	974	98	2431	12	5	219	42	260	60	210	415	8942	9372	5381	14	29	22437	49181	43	133	1158	1388	2262	1093	1527	211	54	839	171	1	14	112	47	228	146	58	0	0	642	122	6	1	2139	1569	564	1979	180	72	1411	781	52	20	615	492	1800	1225	80	78	463	1185	291	67	645	730	2161	1087	4209	2119	248	697	1765	1787	913	1521	501	20	87	3909	58	1167	478	28	2
Actinobaculum sp. oral taxon 183	104	8	3	4	17	24	4	2	37	20	223	156	3	44	32	211	17	12	5	0	3	40	31	0	2	2	4	1	2	0	0	0	0	33	12	1	88	1	2	382	726	113	3469	14	54	277	20	2121	2183	0	317	76	125	60	0	2	31	64	1	0	97	634	1795	362	436	66	77	114	24	0	1	725	2749	7430	2568	3665	46	164	999	1046	579	95	230	108	93	423	31	75	822	78	4	0	40	0	59	121	3	0	13	0	9	2	116	20	164	111	338	116	18	55	192	93	27	66	543	994	81	54	0	1	55	53	1
Actinomyces johnsonii	237	23	21	29	43	156	26	7	165	59	81	131	224	47	50	270	24	15	5	0	2	29	16	1	0	4	1	2	6	39	23	1	6	282	10	16	174	7	3	550	610	528	1143	20	49	256	39	1070	937	564	878	6	31	85	2	6	282	118	0	0	622	307	531	185	239	311	193	63	39	14	5	512	1659	4595	2517	3388	26	75	729	747	403	45	561	387	309	1273	98	298	433	207	15	4	448	631	525	377	14	19	194	232	53	26	20	35	76	46	166	99	9	54	103	43	30	68	169	135	111	114	0	266	97	78	1
Actinomyces massiliensis	115	8	7	15	43	43	5	4	101	193	248	167	59	25	37	1199	30	21	2	0	0	18	8	4	0	100	3	0	1	0	19	0	0	296	5	7	49	3	3	150	423	0	499	16	48	84	15	463	416	0	458	4	33	194	0	5	182	80	1	0	580	140	372	65	114	30	35	57	8	0	0	1170	4522	13152	6598	11501	82	165	1943	1703	735	166	270	264	132	222	31	50	252	60	4	0	636	377	380	594	19	22	1996	241	57	27	61	7	29	49	124	42	3	20	166	104	35	21	239	1562	70	280	0	557	423	555	3
Actinomyces neuii	3	2	0	0	0	137	1	0	0	0	72	0	0	0	1	26	0	2	0	0	0	0	0	0	0	6	27	0	1	0	0	0	0	0	2	0	14	0	0	54	0	0	0	1	2	0	0	0	0	0	0	0	0	0	0	0	0	0	0	0	0	1	9	0	0	1	0	0	3	0	0	1	2	16	0	1	0	0	2	0	2	0	5	1	0	1	0	0	0	0	0	0	0	0	2	0	0	0	0	0	1	1	0	0	0	2	4	0	0	0	15	0	0	2	0	56	50	21	2	3	22	51	0
Actinomyces odontolyticus	443	70	5	21	42	849	22	33	62	141	106	159	64	23	25	146	19	18	3	1	14	108	142	2	13	134	14	2	5	55	52	0	6	735	22	29	391	1	5	648	2190	999	8565	62	134	754	44	1414	1202	3782	2568	2840	374	326	2	7	769	328	0	0	2141	1726	4172	999	1635	1503	1480	590	175	0	11	95	237	1142	270	286	6	15	632	106	26	4	1230	549	190	877	103	193	199	184	15	0	905	1504	702	724	19	27	577	64	43	12	118	66	293	281	530	244	17	95	235	130	105	212	868	2455	527	1155	1	748	215	182	3
Actinomyces oris	372	38	11	39	83	1053	23	41	773	61	409	1017	362	88	92	1842	49	75	11	1	26	251	112	2	14	51	51	5	10	20	58	1	16	370	18	37	522	49	29	1503	2982	1569	5769	101	254	54	100	2485	2486	0	2823	513	501	488	3	17	1075	539	1	3	4910	4846	8356	2910	4177	6152	6136	1560	395	36	32	2199	8366	21944	15095	26580	138	326	3433	2980	1307	298	1672	1513	1075	5030	590	1100	2431	859	20	13	2614	3701	1932	2067	77	117	987	1123	238	69	291	167	687	583	1378	732	77	395	651	574	200	475	567	743	684	556	3	373	711	492	10
Actinomyces sp. HMSC08A01	0	0	0	0	0	41	0	2	0	0	127	0	14	0	1	71	0	1	0	0	0	0	0	0	0	12	14	0	0	0	1	1	2	0	0	1	141	0	2	0	0	0	0	0	0	0	6	0	0	0	0	0	5	9	0	0	11	27	0	0	0	13	10	0	6	0	0	0	6	0	0	1	0	25	12	2	0	0	0	7	0	0	4	0	0	0	0	0	0	0	0	0	0	0	1	12	0	0	0	0	0	0	0	3	1	1	14	3	0	1	21	72	0	1	0	39	33	22	0	0	53	27	2
Actinomyces sp. oral taxon 448	29	4	4	7	10	24	4	0	1687	0	319	157	207	29	81	2171	32	38	7	0	2	119	15	0	0	43	12	3	2	16	2	2	1	12	1	2	20	1	1	515	532	5	1254	12	42	13	7	893	1026	0	64	258	52	22	1	4	200	51	0	0	730	455	655	112	426	91	84	90	26	2	5	1594	6763	14345	4039	7644	91	244	2387	1979	829	192	199	40	24	159	11	36	418	48	2	1	16	77	91	20	0	2	0	0	7	0	34	13	53	21	55	66	2	19	83	64	18	51	1	152	39	21	0	591	1503	8483	0
Aerococcus viridans	11	4	2	7	7	57	5	3	194	310	112	69	57	0	3	36	36	1	0	0	0	17	7	0	0	0	14	1	0	0	2	0	4	0	4	1	27	1	0	15	113	85	429	9	17	1	1	33	29	21	1556	0	12	5	2	0	39	33	0	1	2231	6432	18551	1867	3778	146	66	4327	963	90	101	54	85	87	42	59	3	4	127	197	15	5	186	116	54	84	24	15	28	80	1	0	49	33	123	249	4	5	1	29	12	5	338	522	1153	582	2533	1389	68	225	870	883	1037	1373	38	6	11	12	2	211	60	13	0
Anaerococcus obesiensis	30	9	10	6	8	437	5	0	0	0	180	0	12	0	10	283	13	7	5	1	8	46	23	0	0	529	411	7	4	11	8	7	22	7	22	25	897	1	1	9	78	84	55	2	0	877	728	12	6	0	4	0	8	19	0	1	14	102	0	0	155	187	1206	190	283	6	3	434	88	0	7	19	2	104	16	9	0	0	116	92	0	0	0	20	2	8	3	1	107	17	0	0	0	6	32	3	0	0	20	16	4	2	50	96	605	295	728	346	14	19	6181	9306	220	220	34	24	66	39	4	0	222	91	0
Anaerococcus prevotii	479	117	75	35	67	3707	16	17	232	59	117	84	264	17	24	389	56	9	3	4	20	91	48	0	1	655	533	5	13	45	50	62	144	813	196	196	6158	16	4	217	174	3554	723	2	3	2968	2368	30	27	0	376	2	15	289	0	4	102	31	2	0	296	845	2948	330	529	38	14	741	109	0	7	32	69	542	248	190	3	1	762	685	12	0	43	6	3	9	6	2	6	41	0	0	1	6	141	17	1	3	1	118	2	1	132	155	1019	516	1180	537	28	62	6227	8733	350	505	119	26	68	45	7	0	140	32	0
Anaerococcus provenciensis	92	7	3	7	13	244	2	0	149	62	286	21	13	20	20	378	63	28	0	0	2	16	0	0	0	43	35	0	0	0	17	8	26	156	81	79	490	7	3	146	6	120	49	1	1	256	145	9	6	0	32	40	31	63	0	0	229	205	0	2	117	163	687	137	206	9	2	155	30	0	2	10	62	194	29	71	0	1	454	376	6	2	35	25	19	28	13	5	155	69	1	0	45	304	393	315	22	23	162	1072	27	5	23	36	217	201	341	157	9	13	2596	4749	91	122	58	20	198	175	9	16	258	169	0
Arcanobacterium haemolyticum	0	0	0	0	0	52	0	0	132	70	1828	0	1	5	8	902	41	6	0	0	0	0	2	0	0	46	19	0	0	0	2	1	2	0	3	0	71	0	0	0	0	0	16	0	2	68	18	0	0	0	0	0	3	2	0	0	0	8	0	0	0	28	201	3	15	6	4	40	8	0	0	0	1	64	17	4	0	0	0	12	0	0	4	62	2	1	0	1	39	17	0	0	0	0	0	0	0	0	0	0	3	0	0	3	18	2	26	21	0	4	129	50	7	11	123	226	479	171	0	0	457	508	3
Bifidobacterium breve	29	1	0	2	1	178	6	5	0	0	0	119	18	10	1	1	0	0	5	10	93	320	285	4	11	5372	10171	21	48	0	8	0	0	0	1	0	133	7	5	98	0	0	15	0	2	0	12	32	3	0	0	0	8	15	0	1	28	20	4	2	0	24	28	13	26	4	2	20	4	0	0	9	17	61	23	14	0	2	26	5	7	0	53	0	3	14	1	4	2	2	1	0	0	0	27	11	2	0	0	147	3	0	0	0	32	23	21	2	1	1	23	24	7	6	47	169	14	56	0	1	4	25	0
Brachybacterium muris	292	50	12	154	20	4985	195	42	31234	808	14344	1893	6827	1067	1372	69774	827	1909	361	231	3154	5042	5504	28	87	1215	2088	92	369	23	28	10	3	199	18	20	3680	19	14	429	335	188	328	28	31	1006	42	304	75	329	260	2938	50	23	4	7	604	250	4	3	970	1308	2989	624	651	58	26	491	137	14	31	1756	8840	52270	7447	12179	128	309	17555	20732	979	173	2343	2936	2399	1106	132	253	1466	1827	55	17	72	598	369	126	4	3	1	133	36	14	106	128	276	186	507	325	13	45	289	174	142	301	472	607	280	319	3	759	1916	1383	5
Brachybacterium paraconglomeratum	474	62	42	22	25	3391	12	40	2237	249	2235	9192	768	71	44	3750	163	95	30	7	23	154	90	15	32	122	87	16	13	107	281	2	9	1094	49	97	2584	12	10	1713	3230	1644	4719	91	243	2099	191	1255	929	540	13656	748	442	152	12	7	4079	887	2	1	27766	63063	131574	9907	21564	1587	1323	22123	6937	347	358	14472	72308	297062	61450	105466	5486	16209	77248	95302	9753	1900	17329	27534	79563	7913	1182	2569	12598	25894	444	240	731	606	1799	796	16	21	827	2331	89	37	5383	5941	5453	6028	19478	12625	392	1607	7519	7919	2820	8278	1137	227	369	366	25	4910	2582	1563	19
Brevibacterium casei	117	9	11	1	8	177	7	7	445	48	384	888	551	11	20	1054	11	25	56	20	60	543	509	1	5	136	232	9	29	20	18	7	6	121	3	9	787	4	7	403	901	442	3037	38	72	383	68	926	771	4	2861	1	62	34	1	0	339	118	0	1	5414	12000	45051	3315	5675	306	207	8044	2356	36	86	305	1341	6857	2167	2482	53	114	3336	3045	266	55	825	1012	238	347	45	44	455	366	20	5	600	2196	1516	1755	3	7	1100	6467	56	38	2101	2290	1813	1769	7958	4612	88	273	3070	2749	947	2643	1063	2048	3874	2905	4	71	9197	7236	49
Brevibacterium linens	149	4	8	3	1	105	1	1	398	1040	638	866	42	9	3	246	59	21	19	0	4	70	20	1	1	75	25	3	1	18	7	1	1	17	0	0	106	2	0	298	43	103	79	1	1	392	24	23	25	0	590	80	9	13	1	0	295	42	1	0	1895	2328	3754	4291	5619	116	74	733	163	5	31	98	245	663	265	309	8	22	305	336	68	7	184	237	123	76	9	20	118	70	2	2	196	458	311	345	8	20	69	511	57	29	315	366	1594	968	1757	875	49	165	1423	437	256	516	105	34	36	49	13	255	221	150	3
Brevibacterium mcbrellneri	36	56	62	37	20	182	1396	1401	199	0	188	0	57	14	6	694	78	36	2	1	5	14	24	1	2	6	13	0	0	0	19	11	17	69	77	49	219	1574	1180	14	37	0	29	1	2	1159	4	87	10	1	47	1229	1810	1034	2	19	7468	11165	10	20	229	495	4086	306	449	20	14	1119	309	928	367	67	155	314	172	256	3	6	211	167	18	5	678	747	897	365	32	108	322	597	21	8	0	15	50	34	2	4	1	224	7	5	79	142	693	650	860	658	17	64	12689	17968	109	361	325	302	253	203	3	0	620	597	2
Brevundimonas diminuta	406	42	13	7	7	594	8	2	3637	444	2712	1992	690	77	27	1756	231	104	28	7	93	384	235	2	9	325	484	11	34	5	58	4	3	324	8	5	781	5	2	3204	3739	3963	2837	7	13	4701	2018	249	117	666	655	1628	404	144	3	4	1557	1078	9	0	2421	2236	13005	1327	1459	71	26	3828	338	67	59	283	253	1522	929	503	4	0	2360	358	40	2	650	276	263	168	14	21	586	140	134	3	325	432	825	384	21	57	890	229	466	19	445	197	806	308	1414	438	27	69	985	476	350	511	988	447	7190	917	77	7440	6263	3012	606
Brevundimonas nasdae	261	18	2	9	7	416	5	13	988	562	385	397	230	35	56	673	73	126	18	5	34	420	200	1	0	125	129	5	16	21	29	3	4	249	2	6	365	1	4	6671	16366	27397	22277	35	45	36062	19040	1033	789	1	1575	3009	800	243	0	1	2453	2731	4	5	4548	7460	11599	2233	3361	118	41	3256	961	45	98	188	510	1849	739	740	10	22	2033	1512	115	19	231	55	68	60	19	2	294	73	3	3	171	279	395	373	24	7	4514	246	30	18	422	289	757	443	1450	658	23	54	952	522	483	768	237	34	226	131	50	634	871	745	23
Corynebacterium accolens	2433	418	432	141	302	2859	60	80	3762	1176	4034	6470	1062	784	876	3910	2036	2969	555	410	1666	27499	30521	154	679	1051	1826	331	1340	305	527	30	143	3039	859	1149	3135	88	134	1575	1811	1633	844	14	32	526	173	455	109	494	2669	2128	2104	5314	24	131	7098	5507	27	54	3474	4768	21726	2977	5280	399	306	1118	229	423	107	1062	2799	9646	5181	6698	141	392	3023	2482	248	69	2683	1810	680	991	174	325	2399	1337	42	11	578	1370	2161	702	72	79	2620	1228	134	40	550	521	2410	2169	4815	2818	162	640	1975	868	534	985	3679	4012	5964	4850	182	22906	6154	5296	47
Corynebacterium afermentans	1629	60	44	27	40	4787	37	74	35453	166	11721	514	1904	208	157	15538	253	344	9	0	11	85	53	4	0	266	163	8	10	115	192	46	106	1141	146	111	4843	28	28	422	1506	890	503	17	32	901	137	152	111	1455	1398	25585	24772	14525	43	123	51173	104176	148	240	4625	4541	48479	2465	4694	836	593	13426	2301	225	188	689	2621	15235	4844	6559	8	29	6612	7344	148	40	3145	2988	1544	1332	91	192	1812	3284	48	17	1721	5579	3258	3749	39	91	1948	16666	241	93	448	434	1185	615	1953	1199	62	120	2382	2384	405	1045	9598	39210	27101	22254	33	1589	24023	38825	123
Corynebacterium amycolatum	633	194	262	45	82	4083	42	67	914	588	954	391	67	37	37	1327	66	110	94	38	189	1104	970	8	28	2034	4819	40	158	164	372	36	95	702	93	101	12470	4	10	1164	2749	6658	3434	18	34	3859	3321	319	240	2	286	1096	794	778	4	15	2376	2899	8	7	1286	1265	10112	1739	2903	68	28	1896	492	20	47	314	945	4078	1474	2102	6	7	4194	3281	91	18	2696	2953	1218	1306	83	180	4513	6235	37	18	575	2329	1214	1358	22	30	748	5576	116	43	1461	1710	7532	7633	13831	8449	107	437	101828	115219	1027	3054	2464	3906	8369	5528	16	1179	6885	5799	57
Corynebacterium aurimucosum	10548	1728	1942	1343	2622	43955	310	743	15027	3691	29725	7462	4222	15531	17174	56731	1756	2501	213	128	763	3182	3388	229	931	12416	12488	149	434	9145	15654	584	2245	23853	8786	13211	115906	254	440	13648	7807	8460	17284	841	1935	9256	4939	3694	2571	1636	8220	50050	47100	62950	572	3234	112487	165684	328	618	18315	23083	163438	21824	35152	4698	2998	20287	4389	287	720	8945	36455	112863	49277	64104	28434	87497	39749	35169	3607	991	52118	56944	48315	34695	8864	16050	71407	127519	1199	458	19155	53321	36590	43846	1928	3752	7931	45298	2986	1450	3937	4129	14628	12878	33457	20134	1353	6003	26635	30077	4135	10132	54635	189679	241633	191895	1437	15482	179122	231899	1098
Corynebacterium durum	259	11	22	25	28	81	3	2	0	61	13	97	62	7	17	275	25	29	3	1	0	78	84	0	4	6	8	0	2	43	38	1	4	308	21	35	356	0	8	288	501	65	1939	36	71	94	15	348	334	1	788	0	69	68	0	2	198	139	0	0	2738	2059	7977	1883	3119	1348	908	797	229	0	88	198	966	1875	2444	3150	16	38	464	214	175	34	266	115	56	90	11	14	628	158	13	2	733	1143	886	1027	31	48	1427	216	95	42	289	261	733	521	1680	1024	82	285	240	245	332	776	19	67	213	199	12	399	113	113	4
Corynebacterium genitalium	414	6	25	10	19	529	22	24	910	479	16591	507	345	131	193	6971	244	418	5	1	16	61	48	2	1	75	25	1	8	2	68	0	29	226	18	16	921	39	22	978	8	170	428	1	5	129	10	39	27	153	237	1448	1447	1666	2	22	6461	8530	12	32	1161	1884	58739	2005	3276	240	144	10339	3065	241	435	97	215	912	426	423	3	10	389	298	24	3	332	341	330	212	32	28	414	707	15	5	34	323	246	83	10	2	2	546	14	6	691	730	846	694	4833	2946	31	104	1468	1136	540	1277	465	532	675	677	4	195	1090	697	6
Corynebacterium glucuronolyticum	81	24	7	10	7	495	4	6	2916	1144	29489	613	1113	310	389	30057	359	672	0	0	14	25	5	1	0	29	15	3	0	15	10	5	20	118	8	26	688	0	6	82	5	238	156	7	7	169	223	28	15	1	240	0	29	21	0	0	304	147	0	0	0	45	474	71	88	46	36	127	15	0	1	169	319	236	352	525	1	3	335	184	13	0	108	24	11	25	4	6	48	34	1	0	35	81	133	43	1	3	19	183	13	1	14	26	92	32	42	23	2	2	371	338	26	43	783	767	7471	2228	69	1	6006	7428	43
Corynebacterium jeddahense	77	30	15	4	3	242	2	10	867	42	1392	25	75	22	24	1769	33	45	1	0	2	20	10	0	0	14	27	0	0	41	56	4	4	70	8	8	620	2	4	248	503	489	320	11	10	128	29	75	35	5	441	1034	1367	900	3	15	3126	5930	6	7	358	497	3693	316	442	66	55	1097	178	22	16	25989	116787	58741	159613	229495	115	146	46715	49088	2939	468	13194	19684	3505	6629	341	969	4661	8488	278	148	304	364	545	613	7	21	606	1655	20	20	31	55	218	73	449	185	2	21	1444	1228	80	188	681	2661	1790	1355	2	324	2061	2607	9
Corynebacterium jeikeium	298	166	168	13	31	4020	5	23	73	62	512	125	65	161	174	3217	14	53	0	2	6	42	22	1	6	62	118	79	209	33	196	57	132	1506	122	172	32154	10	22	262	216	536	267	15	21	44	73	172	68	2	6	4913	4540	6741	20	102	10357	13709	32	71	1314	271	1938	254	397	34	12	306	96	0	2	114	432	1777	680	892	145	456	2456	1923	57	5	1081	1314	682	626	55	119	1570	2178	25	17	1974	8598	5681	7168	61	100	5087	34883	450	200	34	56	180	137	257	178	7	36	614	598	68	114	1963	4032	7640	5744	331	231	5039	6523	35
Corynebacterium kroppenstedtii	83	4	4	11	20	64	0	10	164	81	110	1598	60	2	4	88	21	7	4	0	2	44	36	0	3	74	133	1	8	28	32	0	3	242	28	34	129	0	1	134	383	306	1106	19	65	407	270	132	110	0	0	2	23	20	0	0	171	76	1	3	1364	45	186	81	80	35	11	13	4	3	0	671	2755	4136	3021	3937	9	30	2027	1315	163	35	1105	806	415	624	47	63	296	457	35	17	1057	836	1534	1977	77	151	25	551	131	55	11	17	149	34	101	17	0	11	40	25	12	27	386	311	326	373	16	0	302	234	9
Corynebacterium lipophiloflavum	33	10	4	4	3	78	2	0	21	78	96	136	36	13	13	1412	6	13	0	1	2	26	9	0	0	9	16	0	0	55	13	1	7	69	14	12	278	2	5	116	454	0	515	2	6	77	17	27	36	0	49	90	156	122	3	2	405	516	1	1	147	155	693	167	130	16	6	297	55	20	1	619	2693	13970	4012	5340	23	43	4071	3239	352	65	2402	2123	1077	1284	138	225	1677	2046	71	27	1	4	104	125	2	0	1	135	12	5	76	23	88	47	185	60	6	17	184	115	21	94	326	464	557	767	7	140	3168	1719	2
Corynebacterium matruchotii	284	18	19	59	87	254	5	1	324	0	776	119	99	36	31	106	11	45	2	1	6	60	50	0	5	19	12	0	4	18	17	1	4	105	15	12	79	1	0	673	818	549	2605	39	78	218	32	1752	1343	321	196	383	51	81	1	3	177	9	0	7	1449	83	462	116	166	30	8	78	13	101	0	657	2133	6211	2331	2984	56	102	1049	749	321	83	281	58	103	362	42	98	255	60	3	2	663	346	1021	898	30	64	36	290	90	46	16	18	103	59	86	81	13	33	28	181	11	64	516	206	465	442	11	38	517	104	6
Corynebacterium minutissimum	312	28	38	11	10	1608	6	7	233	0	673	237	125	31	28	1727	63	45	4	0	8	66	57	5	12	267	213	3	5	30	89	11	25	347	58	78	2167	10	9	217	1047	326	915	19	41	183	245	194	178	252	28	27772	26532	28391	63	279	42609	103369	114	245	318	363	1551	423	551	27	7	488	91	0	12	147	556	2663	664	799	19	43	2274	1827	51	7	5260	7147	7410	4482	423	810	9252	16137	184	80	141	574	482	379	8	19	286	1202	40	3	37	47	261	157	316	179	5	22	1991	1887	97	153	1739	7712	9640	7716	17	463	9294	12239	51
Corynebacterium pyruviciproducens	222	65	98	10	28	2651	8	19	100	53	3027	0	107	35	39	3721	35	33	0	0	0	8	2	1	1	8	3	0	1	165	443	81	358	2140	332	437	17420	23	30	72	296	994	594	6	11	2244	1941	68	59	2	81	232	244	367	0	5	1799	1107	1	7	260	341	4519	286	431	16	7	486	100	3	0	32	38	104	41	65	0	0	126	23	4	0	35	47	23	22	4	4	3	27	3	0	113	345	425	840	7	8	657	2518	38	9	28	54	188	68	260	125	1	13	388	416	44	100	55	238	686	358	4	2	1271	776	8
Corynebacterium simulans	310	35	10	11	12	1121	14	13	2943	635	15669	307	898	688	875	15710	369	564	4	2	8	111	104	2	8	105	128	4	14	136	114	17	40	405	70	60	2683	26	32	328	383	2096	543	8	25	503	455	93	78	6	703	5988	6496	7786	21	95	12781	21758	82	92	808	1595	20330	1442	2346	194	100	4526	1450	36	104	78	232	1335	368	561	41	121	1415	1134	38	8	816	955	847	527	71	90	695	2133	36	2	148	914	874	888	11	33	751	4279	53	16	210	275	789	425	1887	1090	26	87	1502	1452	243	680	16418	58584	91553	62503	66	486	65867	84456	330
Corynebacterium singulare	110	57	16	6	10	692	1	6	217	2	1509	997	47	41	31	1667	63	34	1	2	23	61	31	0	2	91	125	4	7	109	85	4	12	237	17	29	1341	6	1	180	481	330	472	13	22	19	112	154	100	42	338	4730	3799	5067	15	64	7666	14078	10	52	342	141	1091	156	181	13	9	153	59	0	2	91	333	678	332	597	70	187	1000	530	64	10	998	1422	3439	862	90	117	1802	3234	20	11	109	326	232	133	2	9	287	771	15	5	23	25	82	64	268	77	3	7	797	721	31	71	1820	4938	8878	8163	2	507	7851	7855	32
Corynebacterium ureicelerivorans	2225	58	105	53	97	1673	42	144	3251	63	1353	188	1327	49	38	2431	133	264	11	3	46	195	226	0	9	151	133	1	21	204	535	20	143	1922	51	104	1545	15	37	211	103	467	160	4	7	153	69	171	85	4	53	948	1548	1005	4	15	4511	6451	8	14	548	621	3686	613	512	76	70	1007	149	58	15	4713	20380	217244	73699	118897	112	185	8467	7972	1358	401	887	675	251	272	31	28	366	359	2	2	163	836	395	402	6	7	210	900	35	22	84	57	82	98	316	170	1	29	875	662	80	140	727	3331	2244	2374	6	122	2372	3674	15
Corynebacterium xerosis	67	1	7	18	64	91	19	1	398	29	65	71	82	167	145	81	230	309	18	1	35	52	47	152	190	15	17	22	69	1	0	0	1	38	23	39	173	82	43	158	83	0	112	2	3	498	8	64	19	241	191	38	55	36	0	4	1057	122	0	1	118	301	360	221	194	11	3	110	26	0	0	815	3410	34986	5235	8361	66	149	10611	9691	920	188	1643	1314	790	749	117	194	868	714	18	3	13	2	192	47	4	2	73	130	10	0	14	23	106	16	160	41	0	5	253	74	29	40	265	64	71	78	11	673	250	141	1
Cutibacterium acnes	8633005	10824415	4198879	4649575	3801684	3001509	3980230	5562988	767723	308350	785063	470308	149151	3231201	3250476	340808	2812364	4469696	309251	59689	619588	768613	738545	3195374	3111762	100564	93068	3130878	2915704	3891522	3337555	3816769	2372869	4381058	3634558	3505264	3472511	1685062	2019280	1239786	499572	664947	1164353	2511074	2999465	212213	64481	4271210	3543460	51863	943069	5192227	5039831	2313905	2766980	1927352	1915663	2377849	2933664	2637454	2706324	2967823	8723415	2004588	3448945	8502416	3866713	509927	123987	8040049	4324465	6292442	12177589	11500607	7392944	6615835	3382404	3460297	5006688	2658347	10323247	1983048	3962427	4995977	854248	2846776	2123803	4191021	870716	777838	704348	367392	4774848	10377211	4127302	5345085	5319546	3682991	484589	2389587	9916631	5113206	396856	413039	1845786	1622214	3392185	2021028	3785181	12542161	553123	468636	1431110	3901345	929030	1212087	834319	1341743	2170912	389900	504291	419706	5529250
Cutibacterium avidum	6926	5952	2063	2478	1668	3007	5905	6208	1635	1112	417	1356	289	1641	528	1821	3859	1744	62	27	161	520	337	3389	1986	1777	2166	3755	2137	2469	2446	1739	1109	2776	2038	1710	3552	10568	7457	932	596	1018	876	1340	1481	429	465	1543	962	365	858	3204	4165	4247	1670	1273	4395	8910	1799	1607	3619	3241	13292	2207	3256	4485	1846	1162	408	9082	3049	6771	14547	16248	8947	10226	1968	2118	6957	4817	5984	676	3262	4930	1915	2075	424	652	1392	2406	212	74	3353	7443	4547	5167	3095	1843	1318	6172	8262	3396	188	363	1949	1146	2913	1153	583	1688	3017	4312	856	2035	675	2565	3223	2470	1863	1516	5603	7086	1822
Cutibacterium granulosum	275343	182702	100179	60717	46772	25746	1002690	1091561	338089	2427	14321	8563	4120	270041	79389	13039	912566	351399	1104	351	2131	5353	5568	274836	177453	1359	1224	342337	194009	103107	144146	37941	31642	34796	90419	77545	38602	2129945	1463801	12513	10041	16634	16573	15342	25021	5220	993	96992	66078	1789	30405	8779	22355	16478	1783	2180	18226	16763	3757	3935	242755	125080	208321	51663	86446	96089	32584	13058	3505	1220268	324711	58939	118450	78160	37948	57258	11918	13221	18916	15613	45750	4973	16957	20764	4449	11787	18169	26828	5787	4426	33470	9878	31956	44824	22800	28848	5357	4093	2542	14109	612026	114766	5632	4891	21553	17697	44396	23849	27570	45876	8930	7297	13569	35390	4720	7318	6048	6415	291498	18530	4540	5981	1090
Dermabacter vaginalis	86	5	8	1	3	204	0	2	1711	443	3734	66	331	79	71	9478	76	149	3	1	2	13	4	0	3	53	37	2	5	0	20	2	5	42	7	21	738	2	5	209	376	356	1089	27	54	997	185	289	255	323	357	5413	9079	12527	24	140	16100	31928	38	62	38	225	748	115	240	9	3	205	65	2	4	18	75	216	87	120	1	3	241	205	12	3	562	460	531	285	25	64	820	1285	12	11	151	78	181	140	4	9	49	1167	10	9	12	17	48	32	74	62	3	6	247	382	28	41	857	4033	5720	3316	63	0	5877	6891	14
Dermacoccus nishinomiyaensis	917	221	9	13	17	2858	5	10	8201	2372	8398	17925	1581	100	39	81553	528	94	16	5	19	394	48	10	5	241	105	10	18	122	151	3	20	310	13	14	5627	6	9	2501	2389	3717	2996	21	35	794	123	619	185	21	1013	782	810	153	4	554	7648	502	0	2	3067	1595	5371	1127	1463	97	31	1017	689	2	33	354	267	1678	290	353	8	21	9382	3582	61	9	247068	711293	390192	255332	22638	66180	146375	274770	5781	3269	821	1245	6212	1380	12	16	1959	2595	303	50	564	260	1484	559	1907	704	30	80	2672	697	775	1195	1683	502	1011	1002	203	18968	1623	1109	18
Dietzia maris	184	65	6	17	17	304	16	12	566	18	391	460	1294	38	16	1922	57	44	1	3	6	83	53	10	12	21	9	10	8	377	484	31	76	626	24	47	21169	63	101	331	143	11	174	11	12	176	60	85	28	664	939	258	57	28	6	4	456	267	9	5	2331	2358	2765	931	1082	63	26	956	280	22	22	120	454	2423	675	783	12	9	850	667	93	12	3248	2136	1116	1436	141	322	1683	1341	86	16	121	102	142	99	9	9	5	60	64	11	140	157	364	234	850	345	21	46	404	174	275	613	218	103	92	100	15	1088	629	198	9
Enhydrobacter aerosaccus	80	47	5	5	3	210	2	5	417	38	957	156	422	127	158	2716	137	211	16	9	63	223	196	0	1	61	82	5	17	15	8	0	3	25	16	11	116	2	4	123	82	126	121	7	5	125	18	108	24	2	64	3158	3935	679	1	5	3423	3124	76	195	361	368	1056	252	337	13	3	333	73	0	3	161	725	3789	1289	1136	9	4	3557	2637	122	30	252	80	38	152	20	19	626	224	5	1	4	0	53	87	3	2	10	65	7	4	110	58	289	140	487	242	15	20	321	218	267	310	105	14	43	183	0	430	211	128	8
Escherichia coli	4049	278	45	46	21	8362	94	54	18701	12585	17571	28494	3352	197	27	4830	1566	136	76	7	17	433	77	14	5	311	214	59	13	154	601	28	37	959	27	9	8873	30	8	23865	8938	5003	1537	46	49	6157	3699	13627	214	564	3027	2311	1096	184	9	11	18365	1335	12	9	9770	10763	1941	1573	735	244	21	76055	553	655	12	1945	712	9309	9562	1979	45	8	49080	967	402	35	8922	318	936	156	72	27	3335	386	707	99	380	293	2771	568	19	8	2594	979	7005	31	862	67	2321	232	1381	123	18	49	3140	633	659	102	7815	667	1144	896	494	73472	6936	432	14
Facklamia hominis	0	0	2	3	0	76	1	1	0	0	41	0	43	0	1	0	0	1	0	0	2	1	4	0	0	1	8	0	0	0	2	0	1	29	3	0	101	0	0	0	96	730	94	3	0	369	309	3	5	0	18	0	10	14	0	0	52	14	0	2	4	139	974	109	193	13	1	96	31	10	6	9	0	0	4	7	0	0	57	2	1	0	0	0	1	5	0	3	0	8	0	0	15	51	102	82	2	4	143	441	3	2	58	42	281	190	524	211	12	22	4201	6743	115	223	0	0	0	13	0	0	0	30	0
Finegoldia magna	427	132	92	39	55	3406	19	8	541	956	6110	144	354	92	74	5665	185	100	9	9	67	212	142	5	5	4236	3236	19	46	49	61	101	231	720	335	237	10923	21	15	345	296	2554	537	6	10	3991	3580	79	23	1	510	144	186	454	4	6	769	610	5	9	1131	2215	8352	1041	1761	97	33	1751	342	4	18	77	210	2042	554	478	4	5	1879	1559	29	6	233	47	49	65	26	14	214	147	5	0	191	415	989	536	17	17	448	1965	36	9	433	455	4317	2521	4763	2214	148	291	25616	35179	1215	1406	329	394	1669	970	10	183	1573	799	4
Granulicatella adiacens	308	2	10	14	16	620	2	5	0	0	17	0	27	3	3	68	13	3	1	2	5	19	7	0	0	20	11	3	1	26	9	1	2	109	4	3	40	2	1	159	1455	0	1776	19	26	0	26	450	172	0	626	87	59	110	1	1	57	89	0	0	258	424	1093	194	411	713	318	437	97	50	1	152	2392	977	1979	1985	17	17	650	366	119	34	523	279	85	486	175	57	505	57	12	2	499	360	512	388	20	33	172	148	25	15	26	20	348	108	178	121	21	77	102	132	67	97	257	312	122	314	0	0	40	45	1
Haemophilus parainfluenzae	277	29	17	25	45	588	5	11	285	0	122	151	115	58	32	124	70	36	19	21	78	619	545	18	30	134	66	6	17	45	37	7	21	412	19	19	299	2	6	1141	638	1616	2251	81	159	727	55	1161	428	1474	1857	784	628	950	8	37	680	992	16	43	1071	645	2533	465	721	363	139	518	105	97	2	106	479	503	1864	1559	3	12	367	1797	70	19	4827	2770	1787	6103	1863	1183	3259	1800	87	28	1503	2276	2662	1548	81	134	888	472	114	29	42	62	557	234	547	293	61	213	205	258	230	335	2011	2130	917	1391	7	814	467	183	8
Janibacter hoylei	96	26	8	8	4	1471	19	14	2384	243	5864	601	1154	163	184	19655	210	332	39	18	164	530	374	3	6	146	270	15	42	62	12	2	5	282	3	7	809	5	2	3222	529	149	695	5	2	290	64	186	60	3	91	731	102	56	2	3	1145	286	6	1	2270	884	1478	583	801	40	6	688	185	48	5	3990	20752	166253	17862	30929	114	269	53826	63550	2153	396	1227	427	224	250	32	39	323	263	13	3	137	521	484	556	11	1	83	796	32	8	233	112	432	234	637	265	15	15	949	295	290	489	256	41	44	26	7	2407	453	117	9
Kallipyga massiliensis	4	1	7	7	2	35	2	2	1	0	0	0	1	0	1	108	8	0	0	1	0	3	0	1	0	7	14	0	2	0	0	3	0	0	0	0	67	0	0	1	79	3	3	0	0	170	199	0	2	0	41	0	0	0	0	0	28	28	0	0	241	322	1979	417	714	14	2	343	80	0	11	0	0	5	0	7	0	0	105	92	4	0	16	0	2	2	2	0	2	0	1	0	23	0	23	20	0	0	0	20	0	0	228	215	1003	759	1470	860	10	46	22933	26516	288	507	42	11	5	0	0	1	8	35	0
Kocuria kristinae	139	312	172	98	57	117	1411	1464	1614	136	109	106	53	6	10	45	42	8	0	1	2	16	9	3	3	13	0	20	18	38	17	93	116	45	214	197	283	2039	1429	107	903	4	73	4	16	206	7	66	37	101	101	427	223	126	0	2	172	196	3	6	735	875	2023	557	854	78	54	247	112	124	60	21	109	419	180	191	8	5	278	189	25	4	405	282	312	154	47	79	203	157	126	62	116	80	145	200	10	16	1	31	13	8	83	100	472	276	1121	565	42	125	454	257	179	418	572	1616	2310	2082	8	234	1163	2126	35
Kocuria marina	288	2	7	3	4	293	7	0	459	27	405	45	168	11	13	448	50	42	1	0	2	9	9	1	0	23	8	0	2	2	2	1	7	50	10	9	686	1	2	480	773	690	8502	48	180	1845	634	657	627	1	1895	234	47	11	1	1	376	30	2	0	869	817	3933	1003	2021	558	463	334	131	0	14	1492	7039	15750	4631	7221	1669	3544	1601	1621	563	112	661	699	598	231	29	51	355	438	6	11	26	3	150	5	0	0	0	43	8	2	73	51	312	59	268	171	8	46	143	41	87	186	104	59	36	40	10	0	430	192	4
Kocuria palustris	687	20	10	48	66	2386	23	87	5605	1766	2550	7948	919	72	57	8681	280	103	42	14	89	372	312	3	14	139	181	11	30	133	174	7	22	714	85	115	2291	16	20	742	1248	3332	8466	110	249	2500	629	1388	1003	7	1207	212	780	260	2	9	2871	1046	6	4	5623	2912	4031	1641	2197	151	59	2123	607	4	15	9660	41940	75350	32652	49370	6012	11693	27978	25249	5613	1062	27380	75674	66370	23214	2773	7433	17957	43549	809	475	234	309	800	688	20	11	385	606	58	32	522	271	1066	541	1859	829	75	224	2042	591	383	827	1821	3801	2231	2466	101	12346	13647	11850	74
Kocuria rhizophila	61	30	4	1	3	188	17	16	9537	566	5696	940	2703	196	263	9725	443	703	8	0	19	50	26	2	1	26	55	4	10	27	17	0	4	132	6	2	443	0	2	172	1176	63	357	7	14	495	51	111	27	8	363	2	120	35	0	1	1209	239	0	0	1103	744	2359	442	667	45	26	944	171	1	10	2318	12123	38244	12932	19145	1378	3320	15765	14925	1887	403	1428	1771	1738	667	80	145	716	912	39	12	64	5	267	102	2	6	6	16	13	9	113	102	250	167	445	178	2	17	259	224	198	364	296	304	331	274	2	260	840	547	2
Kocuria salsicia	143	7	1	152	249	138	32	41	2170	81	832	301	409	933	881	2125	1197	2132	352	55	658	655	609	2545	2971	39	96	435	1454	135	22	5	4	118	175	282	216	72	46	223	186	0	445	5	29	132	63	91	39	2	7	0	105	16	1	3	259	49	0	1	229	260	551	181	223	36	13	199	50	21	6	476	2078	6382	2429	3521	259	536	2889	2254	381	72	820	654	648	309	45	103	594	491	14	10	14	1	77	36	0	1	44	143	15	5	35	43	98	38	134	42	5	18	258	220	44	67	113	94	73	135	0	335	231	158	2
Kytococcus sedentarius	300	174	23	11	18	1973	23	18	1524	769	7729	2458	3061	359	674	6921	555	1014	39	3	56	293	194	3	8	104	108	13	23	207	231	8	44	645	49	44	12432	7	22	2515	2766	1246	564	20	14	2820	399	787	133	6	902	958	761	190	0	10	5492	1615	6	7	2940	2129	2166	787	1103	142	49	2333	556	7	17	15369	89025	453125	75441	129149	988	2329	149440	186515	10479	1889	5831	8905	9276	3283	329	705	2771	5406	112	70	263	172	809	280	19	6	567	730	71	10	219	173	341	200	795	310	24	48	536	342	248	386	2112	3585	1887	2302	41	5959	24088	23201	39
Lactobacillus crispatus	474	95	78	87	61	3494	43	48	394	233	1507	676	174	11	4	162	46	17	19	1	7	153	21	3	2	119	328	6	0	34	63	30	51	200	45	37	4840	14	2	1396	2662	26129	3309	87	158	6641	5817	1065	419	1	836	459	43	29	0	1	441	54	0	2	2221	3209	22358	4945	7593	423	163	10938	2301	119	85	323	865	15305	2557	2170	15	12	14639	11595	184	34	619	314	64	66	62	24	662	104	2	1	1047	3526	5989	4498	83	86	5499	21241	285	73	2630	3239	25287	14426	31919	15843	994	2884	174080	206584	7811	10378	195	33	153	172	6	769	553	164	1
Lactobacillus delbrueckii	94	2	5	8	8	426	3	1	59	0	0	83	308	0	2	30	0	1	0	1	0	16	2	0	1	6	1	2	0	121	37	1	22	507	48	55	353	5	4	0	45	10	7	1	0	0	7	5	0	6	35	0	0	4	0	0	34	0	0	0	437	135	841	265	266	17	8	2629	523	0	2	1	13	53	1	17	0	0	47	85	13	0	246	47	7	18	0	0	206	45	0	0	260	135	1145	750	43	38	133	257	27	16	320	230	3462	1472	2669	1381	692	2265	1157	674	266	442	17	1	0	20	0	0	27	5	1
Lactobacillus iners	515	120	116	52	78	8553	18	23	0	0	0	5	0	0	0	22	11	0	49	9	67	381	222	0	5	254	293	25	43	16	21	38	53	157	70	69	5868	6	6	0	15	0	2	0	1	58	8	2	1	0	58	11	7	0	0	0	13	45	0	0	71	2	24	0	7	2	0	1	0	0	0	0	0	15	30	30	0	0	55	4	0	0	4	13	1	2	1	2	0	0	6	0	0	71	14	14	1	1	1	0	379	0	0	3	10	268	21	4	0	6	2	36	8	3	29	0	0	2	2	229	0	2	0
Lactobacillus jensenii	73	17	12	9	13	1288	0	0	309	0	1	0	0	1	1	0	0	2	1	0	1	12	5	0	0	15	50	0	0	12	4	9	12	83	12	13	1076	1	0	505	481	9387	1004	10	17	1985	1527	85	11	2	35	0	26	0	0	0	53	1	0	0	123	106	564	151	185	13	5	382	79	0	2	0	4	37	28	8	0	0	25	31	2	0	9	49	0	1	2	0	96	16	0	1	276	858	1585	726	9	11	949	3416	67	16	52	52	406	328	749	298	17	58	3037	3683	132	202	0	18	0	9	3	0	0	12	0
Lactococcus lactis	309	24	5	14	11	211	1	2	355	280	519	1215	252	15	15	175	39	4	5	4	4	42	32	0	0	14	6	2	3	106	24	0	3	260	31	9	99	4	1	288	361	269	175	10	9	73	28	229	14	1	217	80	67	32	0	3	205	108	1	2	250	417	611	530	637	37	7	428	82	1	3	128	363	2640	701	451	15	20	2644	9820	36	3	986	313	208	445	178	70	956	333	21	0	354	262	1429	721	19	25	284	594	66	14	105	88	666	324	648	307	47	142	199	154	236	202	0	26	3	22	20	3028	156	6	2
Lautropia mirabilis	101	20	5	6	12	308	3	2	173	356	124	277	38	7	2	49	5	18	8	2	4	84	78	2	0	43	4	0	2	16	4	2	0	26	7	2	163	1	1	3394	2953	355	19421	96	317	561	102	4132	3554	2	1322	79	55	1716	2	6	411	58	1	0	644	546	4000	813	1116	542	385	208	69	2	9	120	318	938	2078	3742	20	20	427	251	43	15	1325	1281	880	5075	604	1172	1181	821	41	13	3727	715	1417	2193	88	170	287	674	139	78	61	70	484	252	763	319	90	505	306	127	98	231	37	62	47	51	3	1	92	21	1
Lawsonella clevelandensis	358	98	88	23	48	2233	23	21	207	94	313	394	95	23	13	518	31	27	23	16	98	559	448	305	785	924	1903	20	50	50	75	23	73	504	155	206	7833	10	8	390	360	224	103	5	15	903	396	92	75	1	774	1	143	513	3	22	534	178	1	0	862	1454	7978	1869	2487	292	114	1057	219	2	46	268	650	7238	2018	2484	47	108	2562	1499	194	30	3585	1841	844	2783	1344	1781	1303	1018	93	19	335	321	908	898	22	30	665	722	246	69	716	654	3291	2171	4373	1971	74	404	28015	28169	1112	2119	1278	759	1131	1498	37	333	826	601	56
Levyella massiliensis	11	10	17	3	2	339	5	6	0	0	18	0	16	3	6	809	5	3	6	1	19	68	86	0	0	326	644	9	21	2	4	0	2	13	0	1	454	0	0	51	1096	204	189	4	11	6320	6634	36	17	0	1	0	18	20	0	0	94	62	0	0	0	220	1971	445	532	10	6	544	93	10	14	0	9	44	0	1	0	0	19	2	0	0	113	79	95	45	1	10	271	137	0	2	152	0	278	234	2	1	226	1469	10	2	192	146	1190	765	1297	878	18	53	16221	20325	189	451	253	118	123	186	0	0	781	556	1
Micrococcus luteus	4968	1041	395	240	170	24405	285	690	84683	22798	94309	71610	21770	4672	5386	702956	6079	9415	3405	1698	18445	39241	36751	284	1311	12194	19563	912	3099	913	2384	269	557	6551	511	505	44549	302	533	39215	70570	30368	68391	248	461	16961	5693	20985	8984	860	30718	67394	149152	29926	130	860	209200	258559	1058	1984	89848	101096	208543	27888	54288	2839	2252	56653	19759	459	725	23530	96075	360230	93230	149023	845	1847	191810	178577	9907	1522	1748888	3659714	4821082	1094596	136609	326248	1030717	2057852	44276	20580	4914	18829	10286	7904	97	125	11032	15746	1987	503	26021	27205	14834	11553	70910	43940	1087	3623	27857	24757	9003	24374	282131	1070955	557904	655317	1270	75063	1132015	2039885	10925
Moraxella osloensis	242	61	12	12	16	855	11	10	1116	282	2357	331	702	208	222	5257	322	352	61	32	303	849	636	7	8	307	365	24	82	29	27	2	3	310	19	22	660	1	1	997	317	306	953	7	8	324	128	168	99	1135	269	27999	36255	6699	36	44	24072	34581	677	1454	768	954	1692	511	750	30	10	497	138	0	10	321	1738	7877	2446	2316	5	11	6325	5020	272	60	422	224	183	390	41	41	822	806	18	0	37	100	270	228	3	12	166	106	22	3	243	126	750	219	963	409	30	67	492	348	404	516	212	86	239	464	13	1440	669	333	16
Morococcus cerebrosus	125	81	18	16	14	1007	16	24	111	47	77	61	35	5	3	499	16	5	1	0	1	16	32	0	1	75	5	1	0	34	39	3	11	365	6	1	351	4	0	289	873	1750	2690	33	62	3390	21	528	464	22717	607	2925	160	39	3	5	455	189	0	1	2257	553	2115	431	436	261	200	913	38	73	4	150	1021	983	1108	1131	4	9	915	121	24	7	1282	835	510	2480	389	386	1056	418	21	14	687	762	876	724	16	38	300	367	44	14	207	80	847	488	867	542	101	493	137	115	118	328	177	99	66	155	9	2	84	54	0
Mycobacterium chelonae	53	6	0	1	3	165	3	1	24	0	25	196	27	2	10	25	9	11	4	3	1	27	42	3	0	20	27	1	4	38	12	1	2	53	3	0	35	3	0	87	96	275	21	6	3	36	59	14	13	116	2587	25	47	154	1	3	272	98	0	0	6696	10222	2248	16866	32314	45	22	502	105	3	6	39	200	715	422	490	1	2	349	141	50	0	206	79	27	45	8	18	365	198	5	3	57	239	619	119	7	2	186	136	24	4	34	8	101	16	76	30	0	25	10	54	21	42	122	127	141	755	14	700	5402	3652	10
Mycobacterium iranicum	245	43	17	5	3	876	17	26	1570	68	809	1354	210	41	60	1065	263	238	413	244	547	4818	5507	1	13	446	877	76	322	62	12	8	37	153	3	18	753	5	5	502	3961	294	586	4	8	182	89	523	136	3	444	141	224	185	2	4	1175	288	9	3	1822	1124	1354	1079	1404	25	17	366	158	0	8	1169	4055	20576	2460	2553	10	13	2910	2052	521	108	310	529	124	192	15	16	579	357	26	2	12398	15470	14291	16562	55	79	3079	24306	1021	541	184	140	459	172	563	247	6	24	201	159	195	430	403	142	653	385	24	2043	3407	1538	56
Mycobacterium mucogenicum	430	154	171	4	7	944	28	53	3907	202	3836	958	1435	207	206	6904	2628	4750	104	48	142	1236	1148	2	3	437	499	27	91	22	118	25	137	907	19	12	1497	5	7	2565	4592	4407	9291	40	13	2298	1320	971	339	7	817	1993	971	708	8	8	11127	1750	7	25	1134	1488	5599	1345	1655	55	34	1060	264	21	36	168	573	5454	1056	1406	2	3	1549	769	208	29	1947	1370	419	694	89	118	1689	12980	43	15	1696	3739	3664	3800	11	16	1096	4945	464	185	569	358	794	605	1464	704	57	160	791	608	615	1466	1235	932	1585	1823	15	21	14052	9181	33
Neisseria elongata	692	117	18	13	11	2594	33	30	3	0	211	1	55	19	6	2	11	20	3	0	1	36	19	1	0	9	9	0	2	321	36	6	37	793	9	5	409	6	1	1391	1719	2020	3234	20	59	2112	67	988	410	15537	7602	3633	50	181	5	6	757	967	1	4	462	257	1713	165	169	74	47	806	40	217	0	509	1109	1718	6132	7491	8	22	1558	278	119	41	922	360	152	569	115	105	1486	173	21	7	582	945	796	376	4	23	1372	380	59	21	15	14	222	263	279	137	24	138	143	38	42	102	7	106	40	88	0	99	40	10	1
Neisseria mucosa	263	2	3	23	59	619	10	2	107	1	257	132	36	9	9	71	7	12	1	2	4	117	51	2	5	26	3	3	9	1	32	2	4	370	25	47	351	3	3	360	678	627	2536	84	172	20	32	437	354	454	560	302	372	237	0	6	399	241	0	0	732	535	2708	303	683	234	181	232	54	0	6	37	95	197	225	268	0	4	92	82	14	3	107	155	73	245	55	74	84	89	6	3	1057	1089	1055	698	45	36	218	297	40	19	101	95	654	511	611	424	43	259	166	296	131	392	657	978	167	474	4	135	75	82	2
Paracoccus sanguinis	104	26	10	9	8	1295	12	13	265	173	2647	566	1492	84	70	3125	181	257	12	4	28	156	139	5	4	52	90	8	16	4	22	5	6	46	20	30	561	4	5	157	460	488	270	7	17	343	32	134	41	2	684	674	249	30	2	3	588	149	5	7	358	387	857	327	275	22	11	314	199	34	5	2638	12834	66947	9011	13354	33	53	23667	22424	1305	254	937	439	287	325	23	25	355	379	17	5	119	157	233	183	12	9	0	103	32	25	143	52	208	151	312	153	8	38	280	101	145	229	70	17	40	109	4	540	1459	704	11
Paracoccus sp. 228	223	55	4	16	23	1032	23	19	746	974	420	1107	987	12	21	1654	33	51	32	13	50	562	546	3	2	180	199	4	23	96	144	3	5	429	28	39	1105	10	12	965	1730	6	1300	9	7	241	83	277	72	1462	2536	2825	842	415	0	7	1927	999	24	13	8642	7539	4465	1282	1841	68	31	1136	351	0	11	479	1770	9448	3065	3102	73	124	6873	6169	496	90	1396	507	139	594	26	32	663	308	13	5	247	11	179	258	9	5	363	730	47	5	336	144	3997	2216	1005	573	48	155	650	895	157	415	523	156	212	124	13	2625	486	158	4
Paracoccus sphaerophysae	431	59	24	42	16	2042	31	16	32286	120	4899	331	1228	308	326	9916	498	847	65	37	477	921	889	9	7	230	513	32	87	65	31	13	63	258	30	39	2632	16	9	605	309	3	128	9	7	358	62	57	48	0	483	26	313	43	5	8	386	425	6	13	381	396	814	198	237	42	18	199	115	18	7	417	1355	7263	1307	1420	13	16	4143	2983	192	39	488	386	138	105	17	26	237	220	20	1	126	17	159	107	15	7	79	169	192	18	102	58	195	109	317	95	16	44	344	116	115	251	162	25	67	101	25	810	2767	943	15
Paracoccus yeei	255	52	14	17	10	1056	32	10	25964	202	12144	763	2879	777	1037	22432	2035	2868	60	19	294	884	885	2	32	205	459	31	73	36	25	1	0	126	7	17	637	4	1	4959	585	324	416	13	4	536	307	183	112	86	700	2535	9587	1134	5	13	7487	6578	55	113	1933	1762	5911	1227	1817	62	35	1505	582	89	23	1171	5171	20023	4510	5334	10	12	7814	5698	453	67	1959	1638	1248	786	56	133	725	1588	29	8	413	404	479	544	14	10	227	443	75	25	361	408	1172	530	1442	680	46	134	1199	826	785	1418	612	455	355	979	14	1859	901	347	23
Peptoniphilus grossensis	77	19	13	3	9	887	7	3	0	20	3	83	0	2	2	114	0	2	6	4	12	64	41	3	4	1117	1241	9	15	0	6	9	12	2	10	14	1405	1	1	6	15	161	56	5	13	1864	1440	19	10	0	122	0	20	21	1	0	127	43	0	0	130	170	1221	265	403	13	5	325	57	0	1	17	88	2157	286	217	1	1	1290	819	15	6	10	2	15	17	3	2	144	52	1	0	26	47	113	82	1	3	106	343	8	0	130	160	1224	780	1474	651	44	78	11709	16187	412	457	45	62	148	88	0	188	155	169	0
Peptoniphilus harei	199	70	47	8	10	1586	8	4	0	0	258	18	64	5	6	620	26	8	1	0	2	5	11	0	1	115	79	0	1	47	27	37	120	323	116	105	7123	10	3	67	679	2667	379	7	6	1959	1726	21	12	0	81	0	30	17	0	0	11	52	3	0	266	1315	2587	476	627	16	9	638	97	0	3	5	7	85	9	19	0	0	130	93	2	0	7	1	14	15	5	1	13	6	1	0	81	225	191	239	5	6	177	982	31	4	22	90	516	354	832	403	21	45	5650	6868	203	235	4	14	35	37	0	0	24	16	0
Peptoniphilus lacrimalis	11	6	5	1	5	164	3	3	96	0	405	1	0	1	5	26	0	1	3	0	7	21	11	0	1	313	269	6	4	0	0	7	7	16	17	3	382	0	0	2	56	4	7	1	0	992	787	0	8	0	2	0	27	19	2	1	148	237	0	1	63	111	662	177	227	5	2	207	73	0	0	4	15	79	32	20	0	0	140	104	2	0	17	25	5	0	4	0	3	2	1	1	7	24	34	49	1	2	0	140	0	0	26	69	645	313	641	278	14	29	8170	11219	215	194	0	9	19	18	1	0	39	48	0
Peptoniphilus rhinitidis	182	4	6	37	38	316	0	4	260	309	267	417	143	32	29	179	276	105	2	0	1	3	4	0	0	35	33	0	0	46	22	13	33	247	214	178	610	26	3	860	32	187	26	4	7	63	54	23	8	0	42	0	51	107	0	1	151	123	1	1	185	563	1229	269	336	115	37	175	61	0	3	66	125	114	160	117	0	1	227	187	17	0	370	123	97	258	410	133	226	152	13	0	63	115	665	336	47	58	135	473	54	11	9	29	211	86	183	107	11	19	846	733	105	74	142	128	783	569	112	1121	331	200	12
Peptoniphilus sp. oral taxon 375	7	3	0	1	2	60	2	0	0	0	62	0	0	0	1	0	8	4	0	0	0	2	2	0	0	20	35	0	0	0	5	0	10	1	6	6	155	0	0	39	8	187	91	0	1	659	612	0	0	0	3	26	0	0	0	0	39	25	0	0	62	42	648	106	109	1	1	65	18	0	0	4	3	58	16	27	0	0	66	75	2	0	1	0	1	6	0	0	2	8	0	0	19	1	17	7	0	0	1	0	0	1	44	35	271	183	363	191	4	6	3412	4224	67	99	0	4	10	13	0	0	30	15	0
Porphyromonas bennonis	72	39	38	7	3	561	2	3	0	43	87	0	30	0	1	310	0	1	2	3	13	59	10	0	0	123	229	0	1	24	7	3	11	136	6	5	2007	0	0	10	67	180	47	2	1	2949	1839	22	14	0	87	0	69	106	1	2	227	103	1	1	124	245	1590	467	633	19	4	537	144	2	15	13	2	30	0	16	0	1	426	87	1	0	99	72	53	18	4	9	197	153	3	2	4	0	53	32	0	0	113	70	0	0	116	214	1304	864	1398	634	21	63	29789	29919	289	472	0	6	4	12	0	175	56	41	0
Porphyromonas somerae	1416	381	132	32	61	8049	235	130	0	197	107	1	27	6	4	184	0	2	2	4	7	49	74	1	14	64	55	4	11	488	189	19	88	2487	64	43	1220	3	11	3043	4621	7130	4400	56	176	7901	327	1540	501	10357	9866	7251	1703	865	3	29	2537	2426	11	3	6354	879	5071	1028	946	254	111	2071	167	153	13	569	1874	2040	1460	118	12	2	2421	351	32	8	2920	1781	370	1483	320	390	4521	633	39	7	3725	6810	2984	2614	68	90	7896	2147	253	40	20	67	363	191	424	215	28	134	156	158	154	264	988	1303	220	1319	0	177	92	35	0
Prevotella bivia	70	11	6	1	4	343	2	1	0	0	50	107	7	26	7	214	9	5	4	0	2	17	7	0	0	85	151	1	0	33	35	29	61	159	144	142	10093	4	5	86	34	556	71	6	4	1038	991	51	25	0	115	246	39	17	0	1	122	30	0	1	686	1034	3261	1086	1431	10	4	1429	348	52	4	14	22	319	35	50	2	0	165	64	9	0	6	26	11	37	12	5	84	8	0	0	110	591	690	740	10	9	297	1027	17	14	67	95	741	445	690	382	34	56	3283	3476	207	304	51	141	71	137	0	99	136	34	2
Prevotella buccalis	87	25	22	7	7	1579	3	3	192	218	445	69	6	7	4	134	83	11	4	1	13	21	19	0	8	492	896	1	3	13	10	3	17	33	18	18	949	7	1	334	174	100	65	4	8	3829	3509	22	13	0	41	0	66	155	0	2	162	161	0	3	0	159	1017	253	338	14	4	342	110	0	11	11	21	764	52	51	0	0	286	295	4	6	56	44	72	29	12	6	234	123	2	0	157	217	395	241	15	14	278	1583	42	5	172	139	980	605	812	466	34	153	8746	8907	226	371	94	56	202	127	4	2176	713	213	1
Prevotella copri	5	0	0	1	5	43	0	0	148	0	0	0	58	1	1	39	7	7	1	0	0	20	7	0	0	8	5	0	1	0	4	1	2	123	7	5	31	1	5	110	20	0	24	0	1	32	43	15	5	0	116	0	3	4	0	0	2	0	0	0	307	190	336	157	168	18	7	566	108	0	0	74	203	3841	538	577	3	12	3438	3300	25	12	9	52	33	22	5	3	57	34	1	1	17	0	11	10	0	0	9	0	1	0	40	39	80	43	197	62	5	15	197	139	70	57	16489	13957	281	4620	6	0	995	410	2
Prevotella corporis	27	20	16	4	3	1626	4	2	0	0	0	0	0	9	5	159	16	0	0	6	14	118	76	0	1	1150	1926	0	19	16	7	2	18	93	14	6	1606	2	0	108	125	629	239	10	6	5758	7698	51	30	0	131	0	30	17	0	0	49	118	3	0	80	239	2078	154	237	18	15	1288	323	0	17	63	269	6133	503	561	6	4	4070	2977	36	9	7	0	28	27	12	0	0	72	3	0	24	24	55	70	1	1	166	153	5	0	119	73	402	266	530	264	15	37	3578	3866	136	159	107	52	1	44	5	238	8	7	0
Prevotella melaninogenica	758	4	12	17	28	145	6	1	12	95	120	158	268	12	17	103	63	49	0	0	6	43	28	3	2	149	41	4	6	2	21	3	2	227	22	11	114	0	1	562	580	791	3283	109	185	86	109	1629	880	66	234	141	76	77	0	1	81	305	2	1	718	304	2201	261	476	69	23	266	57	2	2	130	306	3661	630	558	9	14	298	202	83	7	587	237	263	2014	603	535	437	228	20	5	252	640	675	335	31	21	260	264	17	7	37	22	119	70	226	105	9	56	66	197	108	121	2005	1840	549	2406	0	182	129	56	2
Prevotella timonensis	174	47	66	16	20	4321	0	20	124	0	0	0	44	0	1	74	0	1	18	10	81	173	176	8	10	6237	9752	11	36	15	29	8	42	234	146	169	5017	9	16	97	76	1002	113	9	15	6394	5510	56	14	1	454	75	119	161	3	8	715	658	6	6	87	306	1764	491	612	21	10	469	111	38	10	41	74	1920	275	218	0	0	1831	1299	21	3	14	1	6	8	16	1	78	8	0	1	101	306	318	269	5	16	108	1084	30	1	300	385	2129	1505	1847	1110	97	291	14846	17963	625	809	26	70	137	67	0	1	264	84	0
Propionibacterium humerusii	99247	91187	32707	42278	25500	33543	33994	29707	5281	1844	2524	3931	841	4987	2420	4541	1494	861	1426	627	2112	5789	4079	40811	27525	599	513	2788	3313	45702	37553	30708	18461	47254	29537	22507	33209	5698	4792	5679	3242	5326	5129	15330	17251	1724	266	10749	6932	4080	6622	118402	107669	25572	63084	43284	26451	38621	65991	57017	18791	17221	37725	8161	12753	45152	18937	2140	559	93266	35398	59742	109062	95137	76081	63148	38483	39479	34921	18144	77191	10822	10729	7087	1512	4894	5083	9216	2615	1776	1065	484	48654	102051	35167	40358	62094	36219	3809	23378	62477	25647	1263	1112	6130	4405	10860	5458	9091	32220	1883	1395	5008	12295	2793	2958	1910	4048	12460	11269	2106	1355	30391
Pseudomonadales bacterium RIFCSPHIGHO2_12_FULL_40_16	68	8	3	3	1	108	2	3	730	87	237	168	182	69	56	122	174	198	6	0	3	35	16	0	0	20	10	0	0	3	0	1	1	30	0	4	178	2	0	153	468	0	80	1	1	141	13	24	6	1	42	241	117	129	0	0	429	187	1	8	194	210	547	145	197	18	5	321	48	0	2	68	38	94	150	30	1	0	78	46	0	1	135	100	37	83	5	4	596	50	6	0	145	374	946	978	25	29	314	1238	43	10	159	146	816	516	679	371	278	1145	271	321	555	1041	223	9	35	1377	3	765	138	2	1
Pseudomonas luteola	126	9	1	1	2	212	0	1	3163	0	0	145	134	16	14	671	77	109	6	2	9	86	71	1	1	40	79	4	7	3	7	0	3	4	2	4	318	5	7	410	218	0	532	5	7	183	39	156	43	3	774	3050	3748	3115	7	8	7661	5259	588	1165	1029	1132	4679	627	854	45	15	1379	283	73	55	32	255	509	82	86	0	1	327	155	12	1	1231	764	562	698	67	87	1075	924	57	7	48	244	342	402	2	3	245	63	18	0	65	105	445	244	637	367	29	156	485	184	207	433	3550	3308	12586	6219	18	384	15330	9031	543
Pseudomonas oryzihabitans	536	23	1	5	16	5877	4	6	2931	7	496	457	568	22	17	275	153	160	12	3	6	87	63	4	4	35	65	4	7	11	8	6	9	66	4	4	205	2	2	270	739	0	619	5	7	153	56	183	133	6	766	8368	10626	7087	19	45	36490	54421	128	150	1222	1204	629	504	780	24	10	463	71	0	4	99	315	1308	358	477	2	4	1076	695	74	10	584	415	158	767	44	94	274	239	16	1	189	446	846	583	7	9	176	255	106	24	101	39	337	71	235	104	27	60	95	64	72	129	148	13	103	74	9	2054	459	85	3
Pseudomonas stutzeri	673	50	12	4	5	1953	9	11	4211	2084	920	1848	1223	23	11	390	127	25	10	0	20	194	92	3	6	77	151	24	20	33	12	5	3	389	6	6	1419	8	2	70002	31088	5343	20534	145	31	28759	1846	9681	660	3202	543	12446	5609	2206	37	23	37886	3883	39	26	6655	1000	2727	1231	1020	50	12	2311	201	73	13	861	1335	19169	4056	2102	9	8	8115	6088	283	41	12341	1907	208	2203	168	78	3633	14583	154	10	1321	2669	36766	12853	73	281	6913	10065	1540	122	601	241	2328	1369	2183	782	35	175	944	428	460	852	1380	95	309	205	19	3587	910	239	22
Pseudonocardia autotrophica	170	21	1	3	6	340	23	6	36	346	339	220	73	11	19	175	5	17	4	1	7	35	8	0	1	21	10	1	2	2	5	0	11	41	4	8	355	6	5	134	64	130	184	5	8	249	7	88	20	10	2826	184	38	53	3	5	618	148	2	1	5052	5686	2731	13157	19595	80	49	553	185	7	8	114	174	594	420	386	3	2	534	292	44	2	490	121	75	97	25	19	302	118	10	0	39	0	288	281	10	16	45	25	10	1	43	54	351	146	337	182	10	22	103	74	90	204	146	78	235	157	2	872	8788	6460	7
Psychrobacter alimentarius	48	1	0	0	0	141	3	6	0	13	22	35	13	20	23	2231	3	6	0	0	2	4	4	0	1	2	8	1	1	11	14	3	6	11	3	5	274	2	2	3	0	0	39	1	0	0	0	6	7	0	385	90	5	1	0	1	29	4	0	0	960	1873	4633	5539	6562	96	54	1117	296	5	26	54	291	2067	742	643	24	33	2205	1884	209	61	40	44	12	47	1	1	346	37	0	0	268	2332	1124	1484	29	58	133	1161	39	13	146	148	599	419	913	543	40	104	455	661	356	588	0	8	16	42	8	0	93	9	0
Psychrobacter sp. TB15	3393	274	496	35	59	13642	369	856	8	11	36	31	4	0	3	50	0	0	1	0	0	5	10	1	0	2	0	0	0	201	734	103	461	1244	23	51	22455	154	167	101	193	99	82	1	0	166	40	14	20	0	987	0	4	18	0	0	68	75	0	0	1607	3805	1047	953	1302	38	11	728	148	1	3	81	166	1595	503	577	2	2	1946	1665	76	14	40	31	31	41	2	11	87	51	11	0	41	369	375	312	6	9	5	31	5	4	163	113	433	189	686	230	14	49	227	159	191	269	0	0	0	69	0	1	28	13	0
Rothia dentocariosa	1557	316	149	97	199	11868	192	202	414	668	922	510	354	93	77	781	72	84	14	7	19	196	167	1	7	35	26	1	21	732	237	12	104	4204	103	118	2747	19	12	3916	7501	7560	7213	137	187	9387	256	1482	674	16781	13370	11965	721	738	15	28	2628	1782	9	10	15160	7134	12172	5471	7016	9813	6181	5329	1117	623	66	3149	7495	14065	21682	29353	145	257	5196	2370	1098	299	6442	3572	1505	6953	1059	1265	12635	1430	103	32	2657	4653	2358	2347	79	85	9524	3390	248	56	261	259	1342	730	2085	1158	140	527	591	419	372	871	712	915	530	618	26	1994	681	219	11
Rothia mucilaginosa	2576	952	194	151	180	9947	341	376	234	0	357	215	172	29	35	375	56	46	0	12	3	45	50	1	1	103	16	2	3	870	350	41	157	6679	202	286	4100	26	37	5445	12495	17730	5624	142	291	12891	413	2739	1481	31916	12650	16367	1007	827	21	39	10236	2792	16	8	10003	2751	4682	1480	1417	419	288	3243	478	203	19	1987	2514	4977	3650	1576	36	45	7287	869	213	36	5027	4500	1476	1593	419	506	11690	1712	82	21	4689	11834	4342	2737	83	86	13626	3025	578	91	286	208	3345	1735	1737	977	360	1518	741	581	381	725	828	2459	185	559	9	1049	292	178	5
Shigella dysenteriae	65	7	0	0	0	76	0	0	150	116	217	818	81	8	2	84	29	1	1	0	1	5	2	1	3	9	5	0	1	0	22	1	0	22	0	2	109	0	0	363	69	11	5	4	0	7	34	281	7	0	47	3	20	7	0	0	270	42	0	0	59	182	30	15	20	9	0	1093	12	8	0	21	2	195	84	31	1	2	731	26	1	0	96	3	7	1	3	0	106	3	7	2	20	1	54	33	0	0	19	2	115	1	2	2	14	2	27	1	0	1	67	11	17	3	103	2	2	6	11	471	164	1	2
Shigella flexneri	49	11	0	1	0	335	1	0	73	118	289	688	52	11	1	154	27	0	1	0	1	6	1	0	0	13	7	1	0	0	12	0	1	9	0	0	240	2	0	493	291	183	33	0	1	142	83	239	4	0	59	196	14	2	0	0	507	22	0	1	313	260	66	62	20	7	3	1860	18	1	2	116	7	147	236	49	1	1	1368	23	11	2	144	13	10	12	0	2	180	15	4	10	6	0	51	0	1	0	251	57	159	2	36	0	72	5	43	7	1	0	68	18	29	1	52	7	31	24	24	2656	187	5	1
Sphingomonas sp. Ag1	399	63	5	5	5	690	24	6	1035	782	423	965	782	33	32	109426	46	93	10	5	14	72	43	0	4	52	60	3	2	43	30	0	8	261	6	6	1331	6	3	1694	2582	1532	988	20	10	646	191	689	119	2088	2464	2801	328	141	2	2	3018	870	3	1	4286	7042	18321	2462	3538	188	70	3546	1096	206	123	290	378	926	473	269	3	4	1392	523	32	4	1423	286	73	97	28	19	1009	151	18	0	67	531	1147	334	7	4	771	427	91	7	1292	1023	3722	2905	4801	2812	59	187	2388	1979	1784	3820	455	98	336	115	27	717	1872	997	19
Staphylococcus capitis	1920	37	45	5755	6189	2222	203	190	4422	492	1897	2158	2178	8051	3476	4345	1110	797	481	114	158	1381	636	86	68	2260	935	546	673	226	229	55	88	1017	8699	6193	5213	506	204	2858	1298	1522	1917	1206	1103	280	261	9514	3755	119	1668	6200	10106	2943	1611	1189	27640	34384	81	132	4769	8354	10434	3257	5838	3933	893	128653	13872	86	84	397	1058	2686	6060	3703	681	520	9196	5679	2187	261	9002	8024	1823	8321	24423	11085	3535	2857	299	104	2295	1746	7193	4041	4693	3575	1186	3969	2536	618	693	746	3779	2274	5338	2591	28223	36980	1280	1704	9597	11614	4078	4594	4823	3842	2968	905	6852	6073	77
Staphylococcus epidermidis	937	4	10	762	712	945	37	41	2458	95	798	485	596	24936	10945	1204	455	252	59	18	59	344	179	183	108	1590	763	52	49	1348	888	20	14	574	1435	874	1710	115	36	2400	2238	2466	2171	10598	5571	506	480	8032	2783	297	1299	1186	1935	1435	346	264	2634	3588	111	174	4896	5191	4770	1358	2372	2226	521	995	179	341	86	286	991	2371	1880	1546	2180	1582	3986	2967	5316	441	1280	953	392	954	10085	2940	678	599	100	48	715	1015	3800	2171	427	396	299	711	359	99	279	223	1433	667	1679	876	2958	4246	605	666	980	1166	1486	2547	2204	2035	1571	845	2176	1993	441
Staphylococcus equorum	8	2	2	30	89	25	0	0	178	23	199	158	246	24	2	219	6	7	3	0	0	25	5	0	0	10	5	1	2	0	7	0	3	60	0	2	100	2	1	63	102	147	30	7	3	39	3	45	13	0	525	0	36	18	5	4	516	32	0	0	1359	1802	2100	2042	3647	91	30	776	140	0	9	6	42	123	69	25	1	1	128	83	55	1	93	96	21	76	0	5	225	23	0	0	102	42	315	246	7	9	281	260	21	4	170	135	502	270	788	479	47	116	217	380	339	407	158	38	21	39	0	354	347	187	5
Staphylococcus haemolyticus	37	1	3	50	23	127	4	14	2206	255	3130	494	489	274	160	7219	247	152	2	2	19	55	28	6	0	208	171	13	8	143	45	1	13	38	38	32	561	12	11	244	298	516	328	43	34	105	94	168	75	1	102	741	1970	919	47	55	5394	9178	26	40	411	892	1265	170	429	69	21	534	98	33	6	65	321	905	221	279	8	9	2695	2147	74	10	1137	1028	1229	1147	331	170	1828	2198	33	4	89	200	287	261	9	16	208	354	38	13	56	63	429	128	337	169	19	66	1802	3465	181	229	886	1579	1886	1000	7	38	1854	2011	163
Staphylococcus hominis	744	19	17	33	76	2274	33	25	2233	589	2533	913	1567	277	156	1777	294	232	48	18	83	323	173	2	2	317	258	20	28	144	104	27	83	576	125	83	10758	12	13	444	234	497	165	67	86	197	34	2959	1327	88	4738	773	1528	785	7407	6078	3871	8678	35	58	12179	27916	13301	1703	4253	360	96	3908	1147	37	46	200	1017	5614	1904	1459	20	25	6775	5710	257	31	993	787	368	774	220	114	664	525	36	8	2248	6841	8698	5253	438	464	3150	10711	405	132	443	600	2379	1229	2128	912	274	584	3523	5384	880	1084	7073	16610	5601	4342	27	1709	6653	7224	195
Staphylococcus lugdunensis	26	0	0	2	5	39	0	0	1051	6	72	38	17	18	30	69	21	16	18	9	24	190	54	9	4	59	26	3	1	1	4	1	0	0	11	2	76	5	1	15	42	138	100	4	12	1150	352	52	17	0	0	276	845	905	0	9	2173	3488	4	5	387	415	2418	106	311	39	23	590	103	0	5	7	34	193	40	33	0	1	1341	1001	10	1	332	272	189	211	54	18	742	910	5	4	130	270	208	149	7	19	131	104	10	2	79	70	240	128	362	186	133	417	298	207	185	240	27	4	14	16	0	229	19	43	1
Staphylococcus pettenkoferi	20	0	1	3	5	41	0	1	504	0	115	174	227	17	6	36	16	8	8	0	2	4	3	5	3	1	2	0	3	69	27	0	0	3	13	4	59	4	0	22	99	0	47	25	19	63	2	129	38	6	6	930	2242	1333	33	26	14916	24149	12	39	120	62	117	34	27	6	3	68	7	0	0	17	8	23	25	19	4	12	169	155	8	1	77	11	8	20	489	73	93	28	4	2	8	0	34	19	9	1	2	5	9	1	0	0	18	15	82	5	6	16	11	12	10	9	7	55	24	32	29	0	86	18	11
Staphylococcus saprophyticus	85	0	3	15	5	96	2	0	376	0	74	10111	114	35	26	1773	65	21	1	5	5	79	49	7	4	66	52	7	4	42	24	2	0	260	29	33	157	4	2	424	317	81	190	87	61	138	10	159	67	1	1822	0	95	20	4	3	517	397	0	1	4374	9491	16910	2050	5083	284	102	4244	1238	24	108	80	486	1167	1303	1162	78	133	1795	1188	214	34	712	682	448	541	136	84	492	898	6	6	278	57	533	348	17	28	13	208	79	15	359	480	806	312	2237	923	202	359	598	933	1923	1610	511	779	1019	666	9	1187	1571	1779	70
Staphylococcus sp. DORA_6_22	7	0	0	0	0	0	0	0	314	43	0	0	7	111	42	23	3	1	0	0	0	5	0	3	2	13	4	0	2	38	12	0	1	1	5	1	35	0	0	6	0	19	21	93	56	3	8	78	24	0	0	7	52	20	5	5	37	84	0	1	14	59	49	6	19	10	7	10	1	0	0	2	10	28	38	7	23	11	56	19	53	1	20	22	3	17	318	71	88	6	2	3	14	10	30	16	8	1	17	2	4	2	6	0	20	3	17	6	13	28	0	14	3	17	11	21	21	23	27	0	94	24	0
Staphylococcus sp. HMSC062B11	41	0	0	2	8	0	0	0	56	0	0	0	0	73	33	2	1	3	1	0	0	0	3	2	0	38	8	0	1	132	75	1	0	10	13	9	58	0	0	33	10	1	5	56	27	2	9	52	16	0	0	0	2	9	6	2	1	40	1	2	0	53	32	4	11	6	0	105	11	1	1	0	2	18	12	5	7	3	79	13	19	1	41	18	4	9	66	14	0	1	0	0	0	3	57	5	6	8	0	2	1	0	2	5	16	3	26	5	18	23	0	0	1	5	8	36	9	13	14	0	14	18	5
Staphylococcus warneri	129	8	0	23	33	2113	22	3	48	19	191	274	193	57	35	448	86	29	26	2	14	187	111	5	8	63	66	11	9	19	33	0	43	99	62	55	1008	16	10	688	572	390	222	169	72	24	22	253	61	0	141	342	1406	1470	34	49	2364	3946	19	44	805	716	840	187	438	38	10	3836	1016	0	2	259	951	2247	1278	1194	50	25	28940	26293	171	42	449	127	82	224	205	69	440	334	10	4	202	32	530	334	20	14	377	249	63	4	34	24	91	58	160	85	15	38	146	126	334	370	491	119	319	161	5	155	144	161	9
Stenotrophomonas maltophilia	262	30	12	11	10	1385	10	13	1468	316	630	1250	10178	14	16	696	108	27	11	8	16	121	49	1	1	90	75	8	48	65	21	2	2	101	7	4	2481	3	0	1762	8782	1846	3472	12	21	2048	1546	560	174	324	602	3960	2852	4724	16	124	7139	3410	20	31	3004	1656	1538	2124	2634	88	27	631	195	43	11	212	190	1026	586	432	2	2	1378	494	53	7	1955	2771	326	1091	38	102	947	1193	117	18	511	1366	4657	1847	42	22	747	905	246	58	527	318	1196	577	1820	749	131	291	2503	1470	321	641	432	34	43	506	27	2791	492	99	4
Streptococcus gordonii	67	1	1	10	29	36	1	1	37	11	111	153	250	8	11	89	2	10	0	0	0	33	16	0	1	46	9	0	0	3	5	0	11	97	5	6	190	0	1	220	95	0	537	20	14	64	16	235	107	0	317	132	36	37	2	1	138	42	0	0	159	445	877	390	456	1201	549	264	47	0	2	144	449	751	3138	3015	11	23	252	190	106	24	330	128	117	786	116	85	328	158	8	2	1781	1201	1038	581	59	66	205	352	49	12	52	31	62	67	275	89	20	57	206	140	60	75	113	130	121	144	23	491	52	118	1
Streptococcus infantis	320	6	9	38	76	295	4	0	776	101	87	8	75	20	17	218	53	31	1	2	5	80	54	3	1	110	14	2	3	9	31	2	6	391	23	47	361	3	1	500	282	289	1274	44	81	490	34	273	160	636	660	456	375	227	0	6	165	269	6	0	1162	846	2215	573	669	1321	546	531	115	0	5	100	743	868	1036	964	19	20	272	194	75	8	1017	363	257	790	312	157	1028	269	29	3	1485	1959	1574	1266	54	89	213	402	127	27	69	76	688	387	550	300	112	382	317	286	210	370	580	719	330	675	8	188	154	76	2
Streptococcus intermedius	46	2	2	12	29	137	4	0	0	0	10	81	47	24	36	169	0	6	4	0	1	27	11	0	0	131	154	0	0	0	0	0	0	41	9	5	272	0	0	143	160	0	354	6	7	58	7	599	342	0	0	72	29	22	0	0	111	29	0	0	201	83	273	44	53	37	7	39	4	0	0	264	996	2156	1782	1629	28	47	545	474	304	78	45	45	4	77	16	14	26	19	0	0	616	8	86	49	1	8	0	6	14	0	7	3	26	23	39	22	2	6	163	187	11	13	74	223	29	82	0	0	7	3	0
Streptococcus mitis	1216	104	57	118	193	693	33	66	982	149	459	571	386	40	45	543	103	52	19	22	70	476	405	5	17	96	64	10	27	303	108	12	33	1046	61	62	790	9	8	1409	2119	1837	1389	226	355	1488	145	897	354	3094	3844	1251	534	445	17	18	1446	623	7	10	3631	4259	10083	2469	3887	3518	1548	2113	385	12	45	608	1849	1819	7050	7638	56	77	1390	570	153	28	4052	2846	1706	4307	2852	1013	5075	1906	133	35	12640	11158	13283	10897	511	662	1290	2390	696	279	743	606	5405	3073	5467	3205	969	3828	1321	1016	1792	2746	2685	2139	5017	1577	76	1629	804	348	5
Streptococcus oralis	466	16	19	63	103	717	16	1	1	0	406	121	126	31	32	479	42	19	6	9	22	147	139	8	7	61	47	2	4	30	35	2	8	263	17	14	221	5	2	692	1092	690	5192	75	151	244	50	1471	753	92	1887	243	177	480	2	6	157	163	3	2	2352	4025	6260	2715	4094	9085	4215	2471	546	5	29	520	1555	4104	10453	12174	64	102	876	631	328	108	940	723	496	1798	646	289	1652	428	36	7	3366	2701	3023	2681	132	206	456	1103	163	49	175	168	1233	647	1556	951	162	567	488	389	428	529	530	618	1005	500	6	6	619	162	6
Streptococcus parasanguinis	702	62	13	42	59	329	32	4	487	117	16	38	169	13	10	62	29	16	0	1	4	21	9	0	4	114	12	0	0	52	38	3	34	393	18	31	246	7	3	332	358	258	797	33	35	297	14	189	65	597	1573	347	110	57	1	4	618	133	0	1	392	792	1773	367	474	250	104	405	85	0	3	103	595	731	712	820	11	17	159	222	60	11	492	263	125	282	190	53	636	160	21	7	1245	1339	1188	845	36	67	61	440	64	19	14	52	208	131	335	128	37	94	89	91	113	174	371	616	406	534	11	574	85	80	4
Streptococcus salivarius	545	11	8	27	25	186	15	3	592	333	477	211	32	19	10	262	23	21	4	5	2	80	26	1	1	90	11	6	4	39	54	4	1	510	17	28	196	4	0	215	195	154	47	3	5	243	18	97	28	1114	357	348	4	12	0	2	456	98	0	1	307	399	922	111	271	212	109	183	49	0	1	94	254	321	603	613	6	9	419	129	37	8	472	287	186	750	149	118	722	206	14	2	499	646	687	458	9	23	321	277	30	6	26	24	171	85	223	133	23	57	138	72	68	111	493	1378	214	418	0	0	211	117	3
Streptococcus sanguinis	287	15	7	22	71	270	28	3	252	16	0	42	119	17	38	146	20	21	7	1	12	92	64	0	3	18	23	7	3	19	19	2	19	132	13	7	394	3	2	1472	1295	593	7121	84	167	114	72	2487	1766	2	579	83	145	214	0	8	374	95	0	1	584	525	1217	308	444	477	210	218	63	0	12	245	1120	2829	6938	9476	39	51	796	590	282	79	2935	1904	1426	6945	1009	981	1749	1183	97	28	2385	1656	1500	1331	50	108	388	333	90	34	26	55	383	340	574	276	83	375	179	134	176	213	282	775	268	162	4	104	110	104	2
Streptococcus thermophilus	609	32	14	67	80	1069	32	16	832	219	154	702	240	32	42	663	61	27	7	0	0	44	28	0	2	8	5	3	1	97	99	10	38	1015	160	142	1139	16	15	285	209	188	170	8	17	0	38	122	43	194	803	158	60	77	2	9	256	187	2	2	1059	1039	1436	746	1039	195	99	957	229	1	1	174	446	2271	854	859	21	14	813	1315	61	9	840	499	304	841	194	186	1091	464	28	12	858	590	1931	1226	29	81	421	907	108	24	334	366	9515	4864	6087	3323	1338	4897	880	865	1105	1475	85	160	66	164	9	2633	698	182	4
Tissierellia bacterium S7-1-4	11	4	9	2	1	297	1	3	0	0	3	104	28	1	2	38	1	1	0	0	1	5	3	0	0	54	63	2	1	0	0	1	2	32	2	4	712	2	0	30	116	1264	286	7	6	5960	5484	59	11	0	94	6	22	19	0	0	80	229	2	0	31	103	730	142	202	3	2	131	49	0	4	11	2	31	14	8	0	1	65	17	0	0	2	7	5	5	1	1	2	34	0	0	4	10	19	15	0	0	6	43	2	0	52	60	674	376	616	280	10	24	6209	8041	157	177	48	9	8	12	7	0	166	43	0
Turicella otitidis	108	39	7	17	11	5	1	3	0	0	0	219	9	1	2	57	9	5	9	6	43	120	109	8	4	27	46	18	34	22	36	0	15	136	59	105	335	43	78	101	17	603	84	6	6	259	49	38	29	1	2438	1781	3987	3626	35	406	4412	2956	19	21	5355	6670	180461	6100	10261	1689	1272	2939	1137	326	614	101	261	892	238	484	7	10	333	364	36	2	189	83	39	32	5	7	65	26	3	0	281	1725	460	412	28	74	234	264	21	21	281	257	807	680	3240	1871	64	262	432	365	535	1650	1160	19	59	60	3	110	94	44	0
Varibaculum cambriense	133	89	129	16	22	3273	2	12	135	1	157	1947	19	4	8	300	0	2	10	6	73	221	243	3	6	3818	4945	7	65	67	84	56	174	814	182	270	11171	20	15	121	116	974	180	2	6	4457	4188	41	14	0	208	0	92	43	0	0	159	157	0	0	313	1598	6704	1074	1930	71	32	1417	282	38	44	56	207	2901	332	473	1	4	1376	1105	20	1	55	80	39	28	7	4	3	95	0	1	98	122	321	292	6	8	98	2551	18	11	517	643	3862	3035	4382	2818	107	353	33002	48824	777	1720	7	201	271	203	0	0	463	504	10
Varibaculum sp. Marseille-P2802	10	2	2	3	4	79	0	1	0	0	0	59	51	7	3	100	12	8	1	1	10	35	13	1	7	309	375	3	7	0	1	0	1	72	3	2	279	1	0	22	46	75	39	2	0	760	739	15	6	0	0	154	47	50	0	0	236	252	0	0	126	44	434	49	94	3	4	118	10	18	3	11	33	461	60	75	1	1	225	170	3	0	20	0	0	2	0	0	0	3	0	0	25	26	19	24	0	0	19	87	3	3	55	87	512	365	440	271	9	26	3056	4133	44	115	47	100	152	139	0	0	111	109	1
Veillonella parvula	619	42	17	35	50	563	18	5	581	53	219	166	188	84	73	300	79	23	4	1	8	154	104	5	12	103	67	7	11	16	16	1	1	412	6	7	215	2	1	1220	1334	1132	2695	72	83	1471	84	2922	1375	1096	1009	805	284	224	0	10	664	251	4	1	896	461	1854	366	458	346	128	419	102	29	5	1040	3238	6386	7984	9375	108	135	1500	1213	857	209	1111	595	435	3781	625	516	1143	350	52	11	1091	1194	1205	1051	53	74	230	687	80	22	31	43	226	143	255	169	20	97	195	198	97	176	862	1249	589	741	13	159	260	168	4
Xanthobacter autotrophicus	31	36	0	0	0	158	7	6	448	123	63	475	148	31	71	477	46	43	1	2	11	64	38	0	0	25	16	1	3	62	30	23	6	3	1	0	1149	2	3	148861	340528	421054	567596	688	1318	774384	523304	20162	19827	93	104	47	227	258	0	1	1214	904	3	4	690	454	417	167	277	14	4	189	73	1	3	61	110	310	72	105	1	1	510	159	5	0	317	95	48	102	3	10	720	91	2	2	56	81	167	71	2	0	227	132	8	4	37	22	87	33	206	38	5	5	187	23	45	40	557	47	111	61	6	459	433	97	3
Xanthomonas campestris	502	48	0	5	10	1217	22	16	649	2790	1503	1915	474	17	6	401	70	28	36	5	65	704	183	3	6	103	79	18	9	45	47	3	0	628	14	12	1216	3	0	1422	1328	749	4655	184	555	1619	112	3232	2429	29	1056	615	135	673	6	30	2642	241	0	0	1439	815	4891	1410	1227	167	81	734	142	10	26	793	1982	3798	169742	271941	98	145	1376	822	155	79	768	212	85	334	22	49	1065	94	3	1	2471	568	1039	1005	44	35	509	498	145	28	471	280	872	463	2358	992	64	166	2336	870	267	410	1201	86	205	516	23	2475	476	115	6
