#OTU ID	1-FH-PMA	1-UB-PMA	1-AC-PMA	1-PC-PMA	1-Abd-PMA	2-FH-PMA	2-UB-PMA	2-AC-PMA	2-PC-PMA	2-Abd-PMA	3-FH-PMA	3-UB-PMA	3-AC-PMA	3-PC-PMA	3-Abd-PMA	4-FH-PMA	4-UB-PMA	4-AC-PMA	4-PC-PMA	4-FA-PMA	5-FH-PMA	5-UB-PMA	5-AC-PMA	5-PC-PMA	5-FA-PMA	6-FH-PMA	6-UB-PMA	6-AC-PMA	6-PC-PMA	7-FH-PMA	7-UB-PMA	7-PC-PMA	7-FA-PMA	8-FH-PMA	8-UB-PMA	8-AC-PMA	8-PC-PMA	8-FA-PMA	8-Abd-PMA	9-FH-PMA	9-AC-PMA	9-PC-PMA	10-FH-PMA	10-UB-PMA	10-FA-PMA	10-Abd-PMA	11-FH-PMA	11-UB-PMA	11-AC-PMA	11-PC-PMA	11-FA-PMA	12-FH-PMA	12-UB-PMA	12-AC-PMA	12-PC-PMA	12-FA-PMA	12-Abd-PMA
SMGC_103	136	121	2338	13961	968	18	294	607	3755	552	19	21	496	1876	551	608	112	1984	2057	4629	160	582	860	17957	6941	2623	174	6028	2704	74	600	1547	1965	342	3106	3754	103519	19099	17236	92	3079	3271	114	84	282	88	804	92	90	10728	2245	1542	111	457	48091	5415	253
SMGC_121	581	102	2918	3147	108	64	1581	1014	478	1064	12	10	1593	2438	1090	3052	34	4171	3240	3119	142	772	760	3258	5216	1495	122	3647	4319	1264	1226	1821	7890	4048	5804	1112	2820	16802	25197	130	1949	3160	2304	550	2258	678	12	52	36	184	398	1035	138	384	3298	3635	34
SMGC_122	228	111	3179	14167	396	110	840	2281	2273	1950	102	113	1828	47873	14605	656	30	4793	4754	3813	707	275	822	14585	4030	833	183	8204	11702	123	291	3307	4533	143	762	749	5810	4993	2589	184	25856	83532	1377	545	2546	754	15	18	36	2248	626	779	119	4972	33994	6702	164
SMGC_123	18	30	144	2398	109	4	96	228	5516	1500	21	12	4	626	272	100	14	320	1759	1494	10	94	337	5957	1710	12	2	152	2	19	44	488	650	280	1496	969	53767	8517	7794	6	212	450	16	36	1110	4	2	32	16	9470	366	130	16	10	6169	568	34
SMGC_134	76	30	698	1012	14	28	580	1494	484	114	32	114	34	51174	17577	515	10	2137	1801	2640	2	28	148	1561	428	424	142	4992	3335	198	682	1526	3945	515	2310	1498	4128	9873	5257	156	1729	905	492	1015	2754	1196	8	10	28	224	260	90	10	2	888	1789	8
SMGC_143	141824	2108764	688169	79605	447970	42050	272274	37130	14528	49110	5668	10531	5334	54991	25720	254974	2678519	571058	39878	158103	28285	133216	157719	64403	118698	42356	97309	55291	17734	15005	1384216	8008	73583	68073	43030	16728	26976	136366	67805	626714	14276	13826	616477	2405253	27981	7705	584953	806087	3099	4302	17279	204238	4106526	232125	109769	93503	81346
SMGC_147	130	36	1126	1098	86	202	1240	1429	2051	1887	2	0	1757	1400	802	5678	2	4507	2332	3103	54	242	851	1559	9754	2396	112	3499	4847	494	603	1465	12812	898	1643	630	1436	5222	4799	34	2770	976	62	158	302	534	20	12	32	164	439	58	12	267	1110	897	18
SMGC_159	150	119	1986	12758	392	86	4899	13837	5960	9028	53	250	2643	48899	17000	884	270	21749	15351	8100	206	2413	6451	46334	23204	29863	10393	409263	245978	30	495	2137	3771	321	2455	6648	7432	17427	5522	771	63706	250955	1493	2345	24044	7325	244	273	864	2999	9294	212	236	502	16977	2738	108
SMGC_163	98	38	1073	1219	144	330	1070	1468	1438	2702	35	12	3441	2493	1258	3430	130	3499	2388	2478	62	236	618	1567	6521	1761	108	3273	3798	379	594	1504	10424	744	1233	451	1998	4460	4076	50	2212	776	328	202	200	730	29	26	22	266	446	56	33	211	1056	1083	8
SMGC_170	9035	7513	18820	19190	20727	5389	11000	6825	2370	6381	5190	6952	1879	71774	63855	17775	16594	39967	6319	9444	6739	23588	15879	55765	30781	7611	2616	32850	19502	10898	24520	1704	11988	7865	7633	2397	4975	14958	8145	4548	6697	16890	8753	8869	4273	3225	5546	6336	923	1516	5510	7825	4141	7263	12092	10084	7389
SMGC_182	144	118	6150	5501	132	14	556	1392	374	1361	8	9	110	5588	1925	158	8	1056	2119	1689	222	4138	17266	30205	232276	158	73	5237	2592	18	121	580	993	11	201	262	1848	1093	206	24	2174	4742	136	366	484	238	10	16	36	252	535	168	44	632	4409	5968	84
SMGC_184	6354	8195	8548	8558	16251	4367	36060	14397	3252	9662	423	692	750	12590	6420	45953	8958	38473	8847	20602	2214	31680	18988	29899	91869	14359	4278	37219	16735	2753	36458	5150	18986	15097	6340	3380	6525	23912	11312	5166	11537	12483	15348	17017	7502	4267	9061	10112	1460	948	5070	6815	5561	1300	9134	7637	4465
SMGC_19	67	70	680	787	192	28	233	881	1355	2284	100	46	3	12498	4493	4269	721	14397	8137	16079	29	231	698	2169	2857	93	34	1412	580	87	177	873	1407	178	1634	1064	1480	8609	2386	28	3319	1399	103	267	739	311	38	59	41	148	401	194	217	48	2024	775	13
SMGC_20	16297	558	6104	5792	94	4734	31889	8566	1126	5334	3458	181	296	55908	11654	11249	281	12975	250924	9838	1868	7529	1307	18653	17234	60755	892	27501	10869	12194	6975	2131	21359	68527	28627	2072	3500	15997	11411	7298	11367	14542	22081	1907	4911	1574	244	1486	992	5943	3673	23109	1339	1030	13231	3328	134
SMGC_200	102	46	1259	1529	130	295	1458	1427	1584	4731	14	14	3089	1324	1087	4867	0	3348	2255	2781	58	250	768	1910	9042	3175	135	4099	5695	445	682	1874	13308	987	2094	699	1420	5712	5615	88	2373	1108	54	81	627	126	8	8	18	192	550	39	12	134	826	986	11
SMGC_203	181	308	335	3898	623	148	196	148	2858	346	4	2	0	568	152	893	372	764	1239	979	40	699	88	908	496	6	24	134	0	76	881	112	470	353	744	528	23905	4305	3622	254	190	272	150	220	769	0	218	439	18	3763	227	379	224	168	15211	1232	330
SMGC_204	56	20	561	12985	102	24	288	182	19597	2301	16	24	598	1821	442	80	76	460	1530	1560	0	92	178	5528	1004	84	4	324	384	32	80	436	871	246	1899	928	46463	5817	7484	6	870	864	20	74	72	0	24	40	56	19477	514	420	40	32	15147	624	48
SMGC_209	29	52	1056	2425	99	46	2437	13323	51749	37077	8	14	2526	8730	6797	583	472	18182	10145	9097	13	226	618	5976	2755	119	46	2359	2435	129	291	6410	2202	194	2687	1737	5576	7844	3592	51	2374	8131	328	558	1032	1038	16	48	93	564	4186	50	18	185	3328	997	14
SMGC_212	130	90	3038	3083	408	20	542	2133	849	3392	34	30	666	9059	1058	241	717	1722	1217	1546	181	278	984	3064	6227	250	72	4170	3147	108	158	1894	2726	104	393	351	2581	2508	1338	161	3257	7203	540	1734	8671	1574	214	600	993	1790	49917	794	123	287	4196	2988	27
SMGC_213	34313	18650	39659	17509	40617	17728	33572	12381	2254	7638	7345	12716	662	18732	25565	52356	29082	16811	5846	16406	16635	82894	30675	25971	65192	25875	8415	36508	11826	37288	87845	8715	49138	30778	16787	3796	6104	31111	21035	15557	9881	11230	34835	41107	11899	3790	16946	18416	2473	1489	21277	26703	12391	12513	26561	23095	13993
SMGC_218	10320	13289	32457	41197	5619	2126	27258	81222	24111	22122	980	366	4852	119671	19283	90461	17788	217663	90318	369286	19994	99466	53541	226264	557017	523173	32596	923598	408529	12433	123917	40029	239023	31870	262763	46970	78216	278044	152441	16537	407743	295321	11115	8875	81870	29578	120032	5951	5312	11740	144091	17199	10671	2930	51940	21625	576
SMGC_219	146	39	558	1272	73	940	829	10040	538	690	82	42	1780	2096	709	5099	89	4447	3490	10830	110	390	179	882	1016	831	139	1278	1790	14663	3426	2708	53307	623	1815	1050	1382	5444	5163	408	1337	1436	3301	972	10069	4948	57	46	114	404	308	390	30	257	5738	444	22
SMGC_221	410	579	9395	41773	1750	496	39370	73296	31966	62952	251	2096	1810	405277	110640	5661	853	154576	108456	52495	1490	18781	43760	368050	175919	258580	86420	3377991	1990795	182	3553	18227	18687	1949	17494	51119	54883	138156	29905	2183	554285	2195283	8610	11160	141072	46367	521	1735	6392	23004	76119	1039	576	1670	83447	12988	427
SMGC_226	36139	71673	70894	29468	90196	22941	75458	18481	4965	15673	15856	19402	2827	40010	35964	92903	88876	39297	13153	41170	16623	133473	61580	65940	82334	35187	14611	87639	21164	32474	191163	7178	74300	47593	25293	7789	21944	68974	42720	30916	17586	26130	42533	70208	11298	7054	36590	53243	3051	5787	12231	34164	89477	22586	37740	35177	25120
SMGC_23	74	127	1414	9098	503	33	374	640	3481	6226	9	12	613	1356	357	135	80	1284	1854	1567	9	266	556	7573	1990	313	136	6936	12889	39	229	582	1294	127	1062	1154	81570	11221	6445	63	3070	8801	82	82	686	678	20	77	80	1763	892	186	67	217	29229	2002	99
SMGC_239	121	184	2794	10024	529	59	3358	11761	20820	11797	67	59	2178	18721	36976	5122	7046	313867	83749	85263	44	388	1997	9330	4342	327	242	10871	7952	105	636	9157	5498	964	43116	19841	33878	80347	24443	190	4827	25904	543	980	4013	3806	35	82	351	816	2036	140	63	481	10565	2128	45
SMGC_24	14	38	104	1420	59	6	46	221	8	286	0	4	2	830	281	76	2	122	190	242	66	56	110	1165	662	2326	422	13694	123160	8	50	32	177	14	64	146	240	190	234	90	7063	124655	24	82	1163	242	11	4	2	74	28	63	40	57	4215	234	21
SMGC_241	17689	1411	54386	22154	226	426702	160983	85806	15875	68243	7046	2721	1552	70351	32792	64716	5824	90930	24021	32548	34274	125563	5148	46565	29993	181231	2142	26251	15217	9121	6236	7081	71844	52101	21380	6046	13776	40772	33574	38761	34690	47042	547458	7998	9062	4574	7035	1110	2238	45325	11020	26948	2336	74166	54094	21777	572
SMGC_244	201	98	2001	5293	68	2377	8558	2112	574	1653	14738	82	469	11064	2276	1349	140	31721	12110	4851	263	1495	576	18313	4848	2079	147	3044	1617	1304	1198	7925	23768	1104	2462	1111	9011	5765	6470	462	17429	18579	4171	971	2596	1655	43	66	158	1216	1014	469	63	810	26074	1448	77
SMGC_256	111	34	222	742	893	193	612	1428	3656	2005	6	10	452	2468	1107	921	62	1745	1037	1036	109	1608	4552	22261	23988	664	472	13666	9993	50	96	268	585	161	236	327	1100	982	516	168	2184	17425	40	34	372	374	96	476	26	96	150	75	36	428	1071	260	229
SMGC_258	44	61	889	5475	119	50	733	4348	13496	7742	14	19	649	5108	2990	91	70	5508	2473	2219	121	3794	7266	62760	24216	173	79	4323	1638	52	177	1061	1487	42	818	394	1688	1779	1350	65	992	4770	235	1170	3505	544	16	39	59	293	755	96	32	117	2798	879	7
SMGC_262	28	30	1149	1873	29	14	150	585	635	770	54	124	6	51783	22472	722	100	2754	9560	2206	10	403	2283	9675	16627	120	69	5105	3305	42	150	1936	2866	20	428	559	1327	1862	716	28	8457	20604	132	196	1597	84	4	8	8	204	60	142	36	43	5568	1059	28
SMGC_265	54	30	994	4860	213	16	684	2837	750	2665	78	2238	2094	87422	82974	114	16	2255	2187	1792	28	1183	1655	27570	10213	212	70	1587	3309	24	99	326	1092	111	1608	826	2467	4402	2466	64	310	2083	957	1356	2061	1803	33	94	239	951	3530	108	22	82	2135	874	6
SMGC_271	34	209	1970	2975	88	40	388	1934	1367	1008	68	190	101	83782	35097	1722	188	9087	26298	5756	84	1021	6834	24713	41905	346	180	6179	5099	119	632	4283	5991	152	976	1008	4182	5564	1776	60	17866	47344	350	434	1197	532	6	26	22	407	221	138	142	87	4077	1025	107
SMGC_275	26	20	460	2110	46	18	356	392	477	998	73	106	362	48859	21979	36	4	257	567	554	4	92	230	2700	875	372	152	5061	8837	10	46	64	587	16	160	46	1662	604	367	62	1770	10112	74	82	94	72	23	10	6	192	68	64	6	308	2670	418	20
SMGC_28	142317	138131	248987	100424	363618	90399	253325	67757	11707	37326	56050	66988	18480	114682	144114	365119	232444	117673	33579	122125	75669	488205	323763	354309	313681	124347	48303	274084	60695	127186	513329	23488	234443	183008	91048	26717	39338	225750	133109	83601	64125	33848	179593	203823	33908	20571	176811	148687	18637	6708	58391	122787	70960	89846	125545	132199	104958
SMGC_286	172	9	503	168	4	997	850	465	154	425	62	34	6	12626	1299	284	14	1088	1359	275	164	854	58	584	258	1162	24	348	252	214	56	97	1128	356	238	72	212	226	276	312	3082	3768	34750	64431	2446	424	54	24	38	174	86	257	28	106	254	250	10
SMGC_297	28	10	2215	3270	422	16	908	3914	6169	2943	4	22	129	5750	2372	236	240	8766	5871	4488	373	8601	18583	254540	73153	286	168	13312	9475	34	112	1049	1416	127	3290	1398	3928	5144	4954	28	759	2489	99	582	2426	530	6	10	30	170	372	29	20	113	2126	528	16
SMGC_299	201	378	1582	6581	388	46	1101	12367	3968	2440	74	99	943	8859	4050	295	307	12021	2942	3961	710	10920	18491	270294	87756	326	174	5752	3437	84	636	1727	2781	116	746	444	2070	1675	1388	186	3080	4185	1147	1564	2926	1350	376	237	341	971	2991	200	481	588	7098	1951	71
SMGC_301	13	20	266	267	90	8	278	550	608	2752	15	6	664	1599	17	82	2	804	782	560	2158	7100	7977	22953	49111	5073	3655	115961	39587	20	95	396	749	11	274	177	194	789	534	68	644	9669	16	38	476	400	0	2	8	42	62	44	8	10	1854	220	6
SMGC_302	30	71	627	1044	88	26	325	1034	1078	10	22	19	707	1728	1711	90	49	2647	1072	1380	267	2196	2850	29327	13737	758	383	12226	8082	47	218	633	782	47	277	254	665	957	971	85	1003	12891	135	240	1197	388	47	43	42	149	217	73	205	226	1855	830	26
SMGC_303	279	302	975	1573	733	232	2810	2375	1682	781	47	87	336	1950	951	1375	282	13011	14884	8146	245	1666	1292	11780	6250	489	190	3265	2917	214	1495	1963	3959	608	2134	3991	6578	15626	4113	230	1761	18643	550	686	2751	334	222	368	169	387	1349	284	254	283	2807	700	181
SMGC_304	24	292	161	1896	81	16	108	142	365	916	250	551	36	184855	62816	74	268	1067	433	1006	26	65	222	1128	785	56	27	870	1583	16	119	1143	754	10	50	12	1041	326	154	42	1650	6023	42	148	14	96	28	32	20	85	158	45	324	19	3090	184	22
SMGC_305	403	224	6562	25440	886	222	2276	5244	11815	10447	340	356	5373	155183	49927	1372	92	12192	13487	9456	881	537	1867	22416	9059	1410	329	14266	19288	240	630	5737	9209	278	1907	1763	17854	11159	6341	481	81475	266862	3432	1744	2470	1971	32	69	113	7041	1228	1731	223	31145	99747	26414	470
SMGC_314	233	155	1971	10964	243	245	3746	6343	5901	6238	38	46	1294	14130	3457	4123	865	73137	55766	27562	12373	23977	36786	195011	151402	3853	1404	52940	38498	104	793	2293	5509	1164	7671	13456	19074	49093	15417	209	5178	17153	820	1524	25212	2526	296	175	236	671	1403	312	136	606	9349	3243	59
SMGC_316	89	133	1339	6853	236	46	1643	2853	5034	5070	16	12	1387	7622	2285	268	180	7879	4437	3213	6769	32973	45534	441859	200503	523	225	12298	4433	32	320	874	2149	83	895	857	2408	2714	1487	47	3006	17748	2896	3864	6669	1156	61	106	48	357	413	110	158	62	6191	2434	16
SMGC_324	46	38	2357	2370	105	560	19246	139639	759703	527460	18	20	1086	9891	8462	1026	874	63829	37103	29889	26	228	706	5496	2123	64	26	1984	2470	82	142	92593	1889	210	3829	3152	8004	14218	5371	38	2312	16441	296	502	832	1126	2	28	76	301	2449	47	29	170	3218	1174	28
SMGC_326	449	591	1053	6714	277	123	1521	1674	3645	1978	44	50	1469	4881	4899	719	530	6254	4498	4131	670	3860	5053	40922	22222	1734	739	21380	10936	113	1478	514	1859	709	1180	1024	2595	4891	1991	183	3964	14486	2348	2430	4315	1602	721	370	487	1382	5569	382	413	208	6985	1020	63
SMGC_329	62	147	646	1378	94	74	2390	2117	1145	1728	22	13	8	3164	1308	739	169	6905	12214	7759	254	1009	1492	6015	7006	282	126	5191	2504	56	300	1098	2246	196	1744	2636	5543	11513	3392	35	1911	8048	110	258	2874	1056	28	51	80	248	395	73	193	53	1955	1041	15
SMGC_33	40	66	418	2168	115	46	300	546	710	569	51	78	12	43677	13040	227	68	1347	1186	588	38	210	275	1442	1136	175	68	2316	3078	90	202	807	1086	61	146	114	216	402	123	50	3628	15640	156	213	384	244	25	52	5	337	74	76	62	108	3543	562	32
SMGC_332	21637	1721	15456	21950	1178	997	12763	23321	10040	8949	443	303	2065	87478	25164	135080	3429	52417	32744	95026	7493	30067	11246	48823	102308	73865	4294	131162	63356	44999	41463	11721	111660	40702	61177	11669	23841	86861	44698	7376	102528	177993	257986	7760	25902	8940	13325	1490	914	4470	21835	48245	1753	2838	34799	18943	217
SMGC_334	1191	641	3177	1937	1534	1833	1828	995	742	982	470	560	1708	1613	1957	5244	1840	2967	1715	2654	990	3607	1496	1662	7803	1477	74	2378	2611	1686	2934	1118	8206	1483	1597	470	943	3906	3339	422	1157	605	2254	826	504	194	513	149	57	172	496	917	369	1146	1723	1299	717
SMGC_336	164	59	1533	1344	68	358	1395	1412	2174	2141	14	12	4377	1660	1929	5658	62	4220	2646	3730	72	272	835	2342	10001	4051	159	5250	6381	491	826	2404	15327	1192	2712	719	1518	7071	7393	52	3510	1354	62	162	716	240	8	6	26	287	621	76	10	198	883	907	25
SMGC_337	610	170	5662	47257	1430	144	936	3086	3335	2872	117	68	28	33496	7602	1383	178	4952	5968	6807	3786	1032	2375	15390	13824	2491	438	16492	23956	443	806	2636	9325	433	1619	1871	18481	12729	7063	462	16099	56304	5260	716	1503	1393	59	48	62	3222	1134	3036	119	3321	160746	13284	396
SMGC_338	97	132	986	5794	378	50	779	3750	11338	16713	36	22	38	3012	626	231	85	2588	5788	4907	20	215	610	6835	2267	94	17	3130	3989	87	398	1996	3414	294	2812	4570	277020	38323	20982	36	3098	6813	82	78	508	1110	24	98	218	5554	2950	130	55	187	19197	1335	67
SMGC_340	501	1205	48662	83551	2824	636	177065	285284	75118	61652	86	59	8821	208621	23901	2983	6370	98984	1060796	16353	704	5081	22716	663400	113734	685	6231	97356	31639	120	80822	29605	32709	190	9229	17794	43163	17368	29502	8175	104004	103481	2894	23227	416672	174168	146	1014	975	4210	4999	344	250	1912	101758	11878	256
SMGC_343	3773	786	25778	96073	3954	2708	9821	39847	12401	18472	949	280	235	87558	23948	13945	1597	40120	39266	58447	103366	12406	31180	94405	166010	25606	3153	133100	167496	6800	9753	19385	117986	4149	10651	9235	29242	90679	38712	4319	59320	120914	42715	3336	21197	9256	764	429	572	24841	9986	25171	709	8218	235985	53176	1490
SMGC_345	9629049	7696654	19759767	6245532	23002703	5723144	9469647	2897367	505156	1690302	4680563	5507003	120782	5024208	10943993	18876101	16294262	5983371	1228876	4851322	6819585	23959865	14441311	11571806	17909912	4208618	1544130	8442809	1874964	10015463	21800003	1223100	10901591	7013992	3475534	920146	1290010	7868247	4189151	4014144	2088663	1111264	6516248	6026022	1084261	714436	5188396	5398665	603899	228278	1841552	7182685	2907374	8216105	8193620	9765231	6823040
SMGC_35	36	17	459	1250	74	32	352	252	518	1308	95	184	34	79325	42857	94	8	555	675	673	20	146	332	3362	1487	1238	495	16357	29655	34	132	814	1316	33	160	110	2802	728	388	38	6031	26853	94	120	2002	282	9	36	12	205	170	99	19	125	3454	609	38
SMGC_357	158	95	697	4111	42	1395	1355	871	356	725	201	54	485	2643	374	320	86	2646	18722	719	230	631	842	129526	4803	1752	105	1001	654	129	226	473	1219	277	753	190	585	805	381	248	1311	1142	1514	387	1116	56	50	37	67	415	233	324	62	553	2957	474	29
SMGC_36	275391	278314	430763	198723	612503	179373	575689	137733	31612	99331	85875	120265	7877	257803	248798	678360	410674	253049	79277	312376	125388	970969	662158	771555	550967	305967	130012	910586	211263	229571	1187836	47507	452672	432107	209669	64361	93744	547227	315496	151337	125445	74962	406022	463268	74328	46496	223791	281932	31127	11202	91372	253113	153204	151694	266036	268878	181729
SMGC_362	88	72	432	5176	342	32	230	1016	3861	5124	20	62	9	12170	3869	259	120	1465	3059	1648	38	546	814	24152	4897	107	44	1504	2415	66	448	2787	1670	124	654	694	30443	3910	2459	21	3483	12361	108	60	516	730	52	86	18	2312	241	126	67	17	17371	579	64
SMGC_37	62	78	1173	5765	341	22	1271	5663	9375	5977	2	158	4220	10608	9551	209	86	23680	4425	5614	176	1612	1998	24086	9911	80	67	4563	1966	78	207	1605	1745	133	740	1102	2750	3407	10873	62	2856	4067	203	437	3526	2527	9	50	145	576	1765	88	58	332	5243	1857	2
SMGC_375	14	12	52	1024	38	14	89	112	14672	352	0	0	0	451	176	42	20	36	1281	1061	0	8	4	98	32	8	2	306	734	4	24	464	688	32	448	370	38531	2932	2646	0	1022	1940	12	10	0	0	0	16	16	844	171	4	0	2	1333	105	0
SMGC_38	454	83	4079	16431	499	395	1535	3074	2578	3472	224	140	1047	58966	15499	1352	186	6276	6200	6335	2160	716	1823	15389	9498	2836	417	16354	25929	337	582	2738	8275	444	1358	1238	8085	8999	4675	416	28716	97096	3793	768	4445	857	28	78	78	3675	1919	2169	97	4102	54825	8673	242
SMGC_383	102	58	928	676	30	268	7897	3678	570	1774	4	2	4	945	552	1888	2	1783	1012	994	92	928	900	2501	22586	3273	322	8535	5170	166	302	1110	5028	262	658	74	644	1830	1392	12	969	720	50	90	770	122	2	30	28	104	250	60	10	4	1411	706	10
SMGC_384	45	85	1392	3179	129	36	1819	8497	26426	13879	70	250	1980	95085	64921	2018	1294	81028	57256	31110	18	279	1090	10155	3099	44	52	2122	2614	43	283	2752	1929	422	6001	11862	17722	35612	10188	18	2696	3412	874	1624	2390	1367	16	138	364	1539	5871	59	26	160	4227	959	10
SMGC_385	14	10	276	6373	97	4	6	116	2763	189	2	2	0	462	58	40	0	510	1188	1072	4	32	44	4634	614	30	2	106	686	8	6	194	290	58	1095	344	47637	3620	3177	16	22	182	4	0	0	0	0	4	0	388	104	16	6	0	4352	108	16
SMGC_390	82	36	1821	5201	381	2676	72758	765730	2534577	1762564	18	59	1169	16662	12253	292	163	13827	5048	8519	43	248	1305	6588	3753	112	136	5093	3114	112	432	1883	5215	140	1326	1309	3288	4801	2293	100	3422	17053	426	725	5000	2398	8	81	164	592	1355	42	24	148	8348	1252	98
SMGC_392	149	249	3191	10877	1413	338	7894	20256	21691	33870	56	59	1235	81653	14568	556	338	13524	8303	13281	71	1784	2081	11710	9066	670	341	14468	13463	128	3660	7883	25435	364	3818	2893	7234	9713	5170	203	8742	109174	1618	19446	7388	2107	176	354	803	3008	9724	290	320	736	11778	5558	207
SMGC_395	78	201	286	304	338	66	372	1129	7084	14811	2	2	8	1325	347	505	277	1552	3989	3639	24	409	742	2312	4424	41	40	601	732	30	430	232	520	200	2552	2550	48838	10131	5509	180	736	2677	50	199	174	80	12	190	42	6848	447	64	164	30	964	68	71
SMGC_416	32	81	726	1158	90	220	8261	9053	5468	5715	2	4	246	3067	816	1147	46	2628	1095	2190	48	154	395	1953	4758	1304	124	3405	2862	184	341	2334	4033	179	322	198	764	1480	1276	68	683	997	40	154	1112	1170	3	8	30	120	334	32	106	16	1463	375	8
SMGC_418	16	8	243	2562	82	12	76	36	5270	1190	6	0	2	532	34	54	26	418	1234	894	4	40	100	3048	708	26	2	133	318	10	27	254	614	126	1376	494	32510	4551	3842	2	230	590	8	50	206	188	10	14	18	2590	190	36	10	0	5029	26	30
SMGC_434	20	2	192	276	0	186	252	859	280	162	12	0	2	974	4	652	40	9250	9457	4837	168	456	224	2770	2820	188	18	1615	1062	36	182	76	1166	419	4163	734	986	4906	1674	0	1220	3259	65	144	20707	60	3	14	6	150	166	54	10	40	311	641	0
SMGC_436	124	32	1017	8318	344	555	534	1172	3887	2566	29	12	2	2680	454	432	10	2139	4975	2964	90	370	166	4449	1090	672	22	1035	1014	132	150	1970	3388	272	2222	586	33944	6739	5410	91	1512	5283	1214	856	590	1746	12	63	22	7578	488	958	72	114	25656	2086	290
SMGC_45	190	50	1588	1526	110	194	6804	2788	3225	2818	23	12	5369	1675	2415	948	66	2148	1941	1142	244	1920	2338	4093	18075	1961	148	3020	3036	184	275	560	3383	308	396	124	626	868	720	84	3536	556	254	222	714	106	18	28	18	342	364	137	10	84	688	1105	4
SMGC_464	260	52	2138	2257	108	259	6119	3062	846	2068	6	10	321	838	1304	39995	90	9722	10493	10515	234	1257	1394	3170	42028	1584	116	3089	3935	472	456	2327	10729	554	1367	594	1504	5129	4090	28	2003	1668	132	134	495	204	10	2	32	208	621	48	10	40	914	1152	4
SMGC_469	100	148	1127	4320	353	74	3243	7937	8562	1811	41	128	227	27989	11801	674	160	19282	12595	8173	220	1474	4374	27897	16739	17279	5960	229590	133833	58	1100	2705	2083	246	2717	4411	6855	13315	3688	348	35615	140344	859	1668	12853	5650	187	184	633	1987	5539	176	433	252	12474	1038	56
SMGC_473	131	500	3587	18113	1070	230	3854	9138	24240	20507	41	27	28161	7353	19400	678	633	18967	5655	2841	37	129	1659	6756	3856	904	260	7818	11803	248	643	16553	8038	86	519	153	637	1230	1175	41	3602	662	49	192	414	1428	7	35	43	263	271	147	16	1619	3166	6271	56
SMGC_481	44	108	415	666	103	84	3093	2331	262	59	44	21	280	1611	879	461	152	2474	696	832	283	2284	4416	7487	11221	131	53	1676	1970	51	147	193	649	52	102	142	322	537	202	61	215	3987	138	114	912	776	49	60	18	223	390	47	110	71	971	66	24
SMGC_485	94	131	1286	1250	346	150	3337	1392	1742	1849	11	16	7751	2630	5468	4023	146	5974	1704	2959	29	257	449	2588	1360	320	63	3971	1498	68	325	1140	1896	161	324	262	686	1560	804	48	3693	777	166	154	760	192	56	92	20	428	296	120	100	303	1538	2691	39
SMGC_490	179	330	2788	11790	449	172	2211	4646	18653	13318	26	26	26660	5969	17267	16927	494	22057	7914	9045	306	2398	5970	11230	47200	699	170	5722	16525	134	524	14607	4837	219	698	354	1736	3382	2380	62	1780	714	152	182	1783	1170	10	24	24	118	330	160	53	1492	4002	7138	33
SMGC_506	28	62	1659	4346	168	504	9138	5410	7151	3683	26	14	9	9714	2841	488	26	6318	2838	4375	324	946	2426	10874	474115	120	45	3707	4871	124	418	2137	3887	186	856	1520	6437	6550	2988	55	3812	1917	104	248	5968	7648	8	60	102	448	2131	63	12	182	4962	1900	6
SMGC_507	8	43	224	3525	73	8	358	695	451	486	37	70	4	27739	3416	90	74	2780	3200	1405	20	74	136	1099	850	314	118	6024	9353	53	92	1414	1916	20	228	92	742	1466	588	52	21114	71792	32	40	546	209	29	16	4	74	76	64	39	14	4717	289	38
SMGC_51	132	241	423	836	612	97	321	1269	3457	609	10	10	2	5992	3141	1066	550	7729	9616	8518	44	831	2151	4733	14379	80	80	1759	407	237	1907	19110	15376	540	5888	4533	182539	25478	13948	254	1682	4088	32	42	339	10	57	297	0	281	128	120	241	30	1183	320	199
SMGC_512	56	84	3240	7046	302	78	3233	11892	19360	11943	26	49	1757	17212	41873	620	812	22748	13450	9974	27	343	1454	9999	3599	112	94	5744	6406	48	332	6757	4399	250	7235	4645	8194	15672	11886	82	4698	23237	222	417	4304	2092	8	28	145	454	901	94	42	234	7912	1810	24
SMGC_515	74	31	598	635	50	128	702	930	1033	535	0	4	2691	431	584	2766	0	1335	1503	1852	26	121	274	1132	5275	1257	82	1979	3288	296	462	762	7749	485	1002	489	573	3133	3197	8	1720	342	28	28	118	14	4	8	6	100	280	40	2	180	649	725	6
SMGC_523	74	58	530	5668	590	4	374	373	2843	362	28	28	0	10438	731	306	158	1960	12210	4063	4	95	220	752	1346	46	22	1186	1088	83	560	7340	7071	268	2768	2880	111449	16844	10708	2	1188	4121	28	88	293	24	1	10	14	72	188	76	35	148	19566	1528	57
SMGC_528	78	127	1577	5955	351	51	1415	16535	18808	15422	23	256	39	25029	12494	261	129	9377	6051	5423	56	1620	4230	29776	15031	252	125	7347	3924	111	405	1425	2532	175	2528	1353	3863	5283	4459	128	2461	5700	1917	4712	3236	895	14	101	204	729	2665	63	63	122	4172	1054	17
SMGC_53	58	90	2213	2717	212	46	990	6784	5630	4058	12	44	2715	11960	5763	620	8	8191	9347	6430	18	154	1486	3904	4446	292	214	5399	11201	674	1662	10995	39163	9578	20159	4641	11633	23990	33688	158	4933	4532	3043	6754	5942	3686	2	78	142	628	726	72	28	296	4886	2900	24
SMGC_531	107	182	1198	4011	418	375	3240	2390	1802	2845	178	240	625	87306	46998	491	182	1374	1218	1834	32	594	516	4373	2447	1206	483	20853	32779	46	608	734	1090	91	316	392	5129	1597	424	158	65991	252923	822	1084	2478	1785	36	111	30	240	294	250	129	181	9148	2273	121
SMGC_538	236	92	1266	11504	290	296	3283	4661	20527	77490	2	2	3	1476	1042	1164	304	6318	30926	14293	44	576	988	44635	8287	201	16	1704	1651	225	833	18188	18270	2699	23539	7528	502559	93246	73342	18	400	1575	34	60	2018	1366	6	20	62	796	459	126	34	140	14916	724	81
SMGC_539	236	491	4239	10258	1746	130	4233	9690	22807	16988	30	18	63575	12661	25628	515	605	13987	5431	2002	31	307	3386	13213	5315	1028	227	9159	16635	107	695	21507	5423	598	471	348	1090	2490	3819	5	930	554	56	71	498	64	11	15	6	83	66	288	41	1722	7032	8836	49
SMGC_540	162	86	1679	1046	74	162	1984	1458	416	2914	14	18	5451	1607	1393	1660	36	3798	1454	2071	22	124	218	1505	1239	1154	78	5415	4827	142	236	1886	4334	164	645	232	356	1698	1110	4	3796	1262	52	256	531	1085	0	10	14	242	159	228	14	455	1456	1823	20
SMGC_541	222	104	2240	4269	156	304	1540	2101	1977	2656	10	8	4017	2953	1850	5835	98	5581	2892	3574	64	288	867	2000	10253	3524	211	6845	6022	605	868	1553	15546	1071	1966	808	1576	5838	6190	56	3236	1313	108	280	1256	1642	12	6	34	167	645	263	26	392	1866	1711	28
SMGC_544	69	66	873	3448	330	204	3129	2699	13919	11235	11	4	110340	2113	10916	1361	372	5406	3756	2171	20	181	839	3994	6782	1715	112	5600	6388	72	192	1808	5495	566	833	681	736	3956	3710	20	468	322	37	36	454	128	4	6	14	272	170	28	2	322	1726	2003	20
SMGC_545	100	138	2775	7921	722	103	1872	7529	5674	9704	50	48	1494	22309	2205	404	109	10453	4178	5159	72	496	1545	26551	3956	53184	14687	607440	364876	119	966	6284	17539	178	2239	1775	6807	5318	4604	688	5518	5994	385	1505	47040	6657	69	127	136	730	1211	164	226	280	16175	2875	82
SMGC_55	138	32	1404	963	64	246	1129	1596	1470	2902	0	2	3746	1550	926	5374	26	3219	2814	3435	96	230	1166	2045	9286	2394	124	4035	5122	524	751	2453	16856	1365	2248	787	2142	7576	6817	48	2399	899	76	224	440	226	2	14	28	188	419	56	4	166	893	1731	8
SMGC_56	97	168	2072	7163	328	80	367	1285	1152	1864	37	101	1608	40856	14077	842	71	5910	9964	2734	82	813	3950	13865	24264	281	124	4324	3192	101	636	2825	3887	257	414	529	3413	2369	1136	137	9387	22225	410	507	1011	250	151	169	53	215	203	225	113	150	5297	1238	110
SMGC_573	54	51	614	8753	206	84	1236	3460	2338	3988	4	4	7926	568	2275	5448	586	7293	3396	3648	26	147	1186	1956	4660	1474	66	6982	8669	47	142	4913	924	110	334	392	588	1614	928	0	586	750	72	74	292	0	3	2	2	34	130	94	14	155	1299	2033	6
SMGC_590	75	387	940	4906	481	40	1833	6252	7189	2456	34	16	20	15445	2216	336	325	8594	5384	2744	2069	23019	33499	333501	165078	238	96	6154	4563	46	339	1244	2559	105	540	479	1184	1971	1223	157	4408	52968	1007	1535	4853	1538	102	109	72	306	483	170	444	654	29383	1610	56
SMGC_601	157	366	584	1934	280	77	684	362	1582	528	102	170	496	64899	33548	253	184	786	1141	696	30	545	970	3282	2443	800	365	6963	10647	52	604	784	965	339	254	198	2081	907	622	79	2451	11190	491	512	553	106	230	134	51	169	158	202	323	118	2955	551	60
SMGC_611	10	6	34	227	4	20	126	24	0	86	0	0	2	52	2	373	110	4549	9603	4668	8	40	98	128	58	62	2	386	58	14	30	74	184	155	2194	778	1942	5398	2300	0	424	50	2	42	276	772	0	0	0	24	30	10	6	0	92	0	0
SMGC_617	10	16	332	931	34	10	791	780	492	214	4	2	4	2700	1536	78	86	1687	1028	740	5597	12896	12947	17627	72677	204	110	4912	2032	7	44	1384	802	14	192	72	404	642	377	6	282	1843	29	68	1272	2517	2	4	0	40	44	29	16	38	1635	76	0
SMGC_619	91	1239	736	1063	140	18	293	1438	586	130	8	34	152	8309	646	445	1583	2421	16793	3656	4	292	352	1120	2108	356	80	972	614	10	1284	294	328	643	1146	1102	2716	8768	2100	52	688	626	416	640	1375	1228	4	72	6	126	128	158	1403	10	1442	536	30
SMGC_62	67	161	696	4091	139	28	580	2233	1098	1008	7	22	70	3670	6644	119	172	4384	1834	2710	154	12988	2776	34968	10570	124	71	2523	1143	24	275	268	1312	42	458	320	634	990	1008	33	2357	20244	153	326	1919	762	39	22	56	223	462	97	150	16	5705	843	22
SMGC_622	58	20	622	5483	212	10	102	416	4932	3362	12	8	0	1000	74	140	36	1546	2510	1453	6	36	104	2814	638	42	12	326	418	28	58	746	1326	180	1553	724	33277	6161	4927	0	540	2671	230	458	462	1218	10	24	10	5492	312	496	34	127	15210	1307	163
SMGC_66	139	138	2304	6792	194	252	3367	3306	6678	8377	33	33	827	8563	1985	514	167	12993	5636	4920	12869	13370	23326	73761	78907	6513	1982	67590	46892	66	310	1191	2317	195	1209	1256	6655	5215	3283	319	3916	29215	170	814	21527	5758	23	46	96	479	863	221	151	420	6813	2068	30
SMGC_7	46	130	1198	2537	82	174	1188	2259	370	2893	74	162	148	110223	46077	106	80	785	1160	1038	24	202	784	2276	4002	672	324	13621	17859	25	130	154	452	50	124	318	1204	835	316	106	926	2695	122	92	903	98	21	55	38	181	253	99	191	119	4077	1636	33
SMGC_70	710	1373	1367	7644	3405	559	1374	1171	6544	421	108	94	1445	1686	640	3546	1528	1654	2145	1630	435	3729	849	1744	2325	169	286	1112	233	376	4457	950	1916	1459	500	383	2640	1753	1107	994	6304	23755	660	707	1282	1684	517	1818	105	3380	506	941	1080	364	13895	2118	1219
SMGC_75	84	207	1639	3163	224	59	356	1658	2054	1556	96	186	5964	46168	18062	933	454	5427	14258	3555	94	834	4684	16731	29650	347	199	6461	4099	145	468	4044	4555	123	727	1006	5029	3224	1575	123	7266	25813	288	298	1883	1891	66	62	47	487	205	220	215	234	5806	1081	72
SMGC_76	259	1767	5854	21090	2016	187	2294	6771	18024	26922	374	580	284912	217733	90797	4698	2953	20703	55997	12310	229	1880	11421	42477	62643	1117	607	21281	28730	370	1672	91892	15385	402	3801	12159	15444	13036	15298	954	62427	140875	1446	7498	64795	39125	186	204	246	2198	893	475	1308	2828	11074	9194	365
SMGC_77	979	1889	3030	23565	4218	910	1564	5428	18938	24449	150	281	1642	31093	10394	4814	1771	4085	10265	7831	510	5914	3035	62465	13947	507	367	6100	8141	664	6517	6842	8086	1984	3243	2408	126576	17062	9699	1455	10306	38549	408	466	1389	629	514	2061	136	10038	1194	1015	1408	665	64977	4093	1146
SMGC_79	190	520	2907	4920	400	1187	6345	4548	4155	9656	54	64	6349	9144	2937	316	391	2191	1879	1485	140	612	2848	9204	17093	450	203	4799	3490	118	345	1338	1474	117	371	277	2398	1431	973	209	4016	40086	1183	1088	2062	1424	49	87	29	415	264	414	579	502	10913	2879	114
SMGC_84	344	172	3761	3591	665	47	718	2236	817	1666	111	73	1372	11664	3019	1804	661	13602	2892	12400	695	508	2070	5356	8185	436	174	4267	4393	174	297	5566	3613	654	1909	1902	5069	19329	9920	523	6758	10235	1089	1990	10951	2902	163	255	485	980	22453	1322	134	389	6351	4106	53
SMGC_85	98	161	622	2152	231	98	703	641	468	1052	198	228	2224	57091	26281	340	193	925	1107	1250	155	423	577	4191	2330	686	491	8547	12019	169	408	761	1226	140	237	259	3478	1245	840	122	3883	19122	185	370	1433	434	81	64	78	463	386	191	134	367	4197	1167	57
SMGC_88	64	86	1061	3140	113	49	383	1341	1241	6792	76	185	861	34303	12589	616	175	2513	12460	4156	221	215	378	4771	2578	366	142	2645	3247	97	241	2067	2286	97	875	879	3609	5131	1958	280	43342	170332	1855	1164	1359	1485	60	47	70	330	1464	251	113	420	7365	1404	58
SMGC_90	576	327	9954	36054	1335	630	5039	5987	8182	14411	1121	815	6436	418627	174551	2632	445	19598	26433	19850	2901	944	2977	33770	12152	1721	523	22891	30542	612	1512	9938	18223	434	3259	2920	19790	17580	9279	1460	209321	741253	5820	3871	3459	4221	106	211	197	12474	2380	2141	349	10548	76279	15524	437
SMGC_92	565	359	7670	33953	1224	331	3037	3909	6773	8070	592	483	3232	193756	72271	1548	241	11327	13946	10589	1323	738	1986	26759	9093	1503	519	15388	20004	418	931	7822	10589	270	2031	1465	15887	11240	6250	548	102290	354342	3671	2166	2731	2313	100	127	143	6883	1538	1666	236	9957	68261	13678	323
SMGC_94	229	557	512	756	677	245	930	662	1952	1427	88	118	1628	35866	8868	1001	546	853	851	908	104	1252	421	1738	1401	185	137	1610	2228	138	1555	505	753	332	208	226	634	732	442	431	1872	11224	474	682	552	1380	253	483	45	158	164	301	494	108	1857	474	218
SMGC_96	209	696	2004	2536	387	260	2884	3174	6985	2020	143	155	1067	2653	897	2391	597	4590	2599	4935	5921	2773	6861	10283	19085	683	303	7260	3717	230	520	1328	1099	220	547	434	968	1859	1823	140	1905	5127	616	851	1427	566	292	191	92	318	371	242	1060	178	4185	565	108
SMGC_97	169	362	1701	3727	613	200	2256	3577	7835	6027	157	147	1683	16901	2654	703	265	13907	11556	5487	17658	26459	33517	205563	161997	758	439	12680	12211	212	673	1687	2619	275	2619	1600	3337	5642	4175	192	2551	5731	2640	5135	11095	6616	154	173	114	413	713	233	362	528	6521	1572	96
