Taxa	1-FH	1-UB	1-Abd	2-FH	2-UB	2-AC	2-PC	3-FH	3-UB	3-AC	3-PC	3-Abd	4-FH	4-UB	4-AC	4-PC	4-FA	5-FH	5-UB	5-AC	5-PC	5-FA	6-FH	6-UB	6-AC	6-PC	7-FH	7-UB	7-PC	7-FA	8-FH	8-UB	8-AC	8-PC	8-FA	8-Abd	9-FH	9-AC	9-PC	10-FH	10-UB	10-FA	10-Abd	11-FH	11-UB	11-PC	11-FA	12-FH	12-UB	12-AC	12-Abd
SMGC_103	9.01720125086975e-05	1.98116810977992e-05	0.000136681122468477	1.31124011405291e-05	0	0.000129864191420822	0.000124857750596517	1.59778331783759e-05	2.41709633088395e-06	0	0	0	4.12500628557764e-06	2.70142714141729e-05	0.000557296134208517	0.000106097697497048	0	5.06479891761418e-05	4.5731909432026e-06	0.000320387883967426	0.000692898086815872	0.000751654040303341	0	0	0	0	1.61413491690364e-05	0	0	0	0.000221408210261433	0	4.24879837955723e-06	0	0	0	0.0010579401194329	0	0	1.01989091120556e-05	1.04344241719521e-05	0	0	0.000476199218855956	0.000124278325147486	0.00542624989765702	0.000154548478913572	0.000235141347800553	1.26326215682985e-05	0.000186476342407274	0.000196566863204475
SMGC_121	0.000154255166461281	0	7.37059385117853e-06	2.83858719707431e-05	0	0.000212546643468381	0	1.1199779520837e-05	1.00109652393265e-05	0	0	0	0	2.41172755528105e-05	0	5.02216889453681e-05	0	2.52520447174427e-05	0	0.000101976552456755	0.00151257968018149	0	0	0	0	0	0.000353438618496356	0	0	0	0	0	0	0	0	0	0.00379039879948856	0	0	0	0	1.2348498569822e-05	7.23827642248789e-06	8.25484543107076e-06	3.11598352316451e-05	0	0	0	0	1.56038116803833e-06	4.64231675900623e-05
SMGC_122	3.54725791622375e-05	8.34621130742864e-06	0.000131731241648833	4.62256634356862e-06	0	0.000353716427244005	8.10300427897659e-05	0.000160427349414398	9.27045038238176e-06	0	0.000169158316238337	0	1.14378150175633e-05	5.13650195531266e-05	0	7.74068092792751e-05	0	0.000192747967148362	7.68461336284657e-06	0.000488079655537468	0.000909207972022368	0.000493351987874914	0	0	0	0	2.94837643775186e-05	0	0	0	0	0	0	0	0	0	0.00332761878713837	0.00763425393111731	0	2.5542575699381e-05	1.78057399151546e-05	0.000704911605099996	0.00345984569965636	5.84654335089811e-06	1.08437621232016e-05	0	0	0.000128070915620159	0	0.00114584788870354	0.000108377415892287
SMGC_123	5.91382194639224e-06	0	3.56630373553525e-05	3.06120667490051e-06	0	7.4049043766082e-05	0.000394916510108082	0	0	0.000196492699915345	3.42897944247835e-05	0	0	3.46321405089029e-05	0.000698983253050395	5.60535419382139e-05	5.44317006966573e-05	9.01970933188181e-08	3.36629724408737e-06	0.000137096711328447	0.000601942407235037	0.000114975893834171	0	0	0	4.82749182377914e-05	0	0	0.000519086542169833	0	0	0	0.000205687683096223	0.0100656024860659	0.000359517196741528	0.000344400122267656	0.000182990826638782	0	3.71347795368863e-05	8.25097500579929e-07	0	0	0	4.58845520606033e-06	1.32618613344457e-05	0.00072211928989037	5.10387772471393e-05	1.38914974477105e-05	0	3.55447925923505e-05	3.37470564085957e-05
SMGC_134	2.44735284712335e-06	0	6.49894832312468e-06	0	0	0.000444744798215558	0	3.60245986964146e-06	5.07796970693267e-05	0.000322017398379209	0.0118805156854361	0	0	6.81306747705797e-06	0.000275952948121891	1.92345213386001e-05	0	0	1.91501550587212e-06	0	0	0	0	0	0	0	1.37542599277598e-05	0	0	0	0	0	6.74427684412565e-05	6.28762004130238e-05	0	0	0.000737702276737345	0	0	8.82309044021331e-06	0	0	0	1.38884002203273e-06	8.68246778081827e-06	0	0	0	5.83991941756e-07	1.92108351938572e-05	2.3075226417881e-06
SMGC_143	0	0	0.0262126471778813	0.0078995658741723	0	0.00149220738239566	0	0.000444682553524655	0.000550426178468098	0.0302487095302539	0	0.0140665092718049	0	0	0	0.00116336140651228	0	0.000684562160549245	0	0	0.00343104071703092	0.0220024807299201	0	0	0	0	0.000448508920405092	0	0.0044943036217873	0.00280438177389986	0	0.00162453283599766	0	0	0	0	0	0	0	0	0	0.0011562322117171	0.00759139137416571	0	0	0	0.000550007141180032	0	0	0.0464636567724972	0.00772601198950084
SMGC_147	4.29211018401574e-05	1.93185973277929e-06	1.49803447442672e-05	6.32723577060388e-05	0	0.000840905706997577	0	8.00280891146179e-06	5.73310997136885e-06	0	0	0	0	1.83977791052193e-05	0.000109603004546037	2.62684086105757e-05	0	2.00459608963634e-05	9.66295245689798e-07	0.000171121006697721	0	0.00013670643110355	0	0	0	0	0.000138144395713772	0	0	0	0.000212014963595706	0	0	0	0.000104890744750911	0	0.000385831607716678	0	0	3.48928935904424e-06	0	0.000193190432560072	0	5.12106906387127e-06	6.6536838720133e-06	0	2.42725073419205e-05	0	0	0	1.16654934334555e-05
SMGC_159	3.8754754182403e-05	6.37934974939137e-05	0	1.85158341296615e-05	0	0.00276164896291477	0	6.62224450324945e-05	7.26853531527488e-05	0	0	0.00461673064422019	5.94008640862229e-05	1.67539937359389e-05	0.000672522085909736	0.000719334083890201	0.000862655061833655	9.48808439413275e-05	0	0.00380368056132975	0.00517781554418067	0.00417246953702519	0.00630852849093657	0	0.0644119836845806	0.0372666198463974	6.37130721294753e-06	0	0	0	0	0.000238907976631565	0	0	1.59932299131009e-05	0	0.00972714204398746	0.0369550673146669	0.0343401930033014	9.25983212445303e-05	1.4024897198629e-05	0	0.00026071398474114	0.000113922498109941	0.000209000010259038	0.000538734134353859	0	3.7422838457622e-05	2.22511991790213e-05	0.000161089720488449	3.87910402075586e-05
SMGC_163	8.8310249795538e-05	0	3.61295057348803e-05	2.08011234246066e-05	0	0.000957800880463926	0	8.01430392806159e-06	0	0	0	0	2.41848458808727e-05	0	4.83188145703347e-05	0	0	3.97828804416816e-05	2.45446737799693e-06	0.000679150497483528	6.67047738855923e-05	0.000382677713944012	0	0	0	0	0.000205504681788767	0	0	0	0.000114457573709029	0	4.98329129922793e-05	0.000623382912677257	0.000234718130863362	0	0.000426822077041945	0	0	0	0	0.00049657782419402	0	0	3.36688089795637e-06	0	0	2.22261738678519e-05	0	0	3.89673939734537e-05
SMGC_170	0.000176703051582644	0	0	0.000242351611157651	0	0	0	0	0.000545273252423641	0.00155746469130116	0	0.00487278153709575	0	1.75391533842003e-05	0.00129200383421938	6.53778753291816e-05	0	0	0.000233270339947799	0.00123684256321769	0.00204599855296424	0	0	2.974321621092e-05	0.00036613363548087	0	0	0	2.69301710766343e-05	0	1.48435628576429e-06	0	3.04592374898138e-05	0	0	0	0.00208869825217853	0.000488575957386425	0.000721431529610188	0.00022516323165018	0.000488057387356502	0.00200851329721824	0.00382871165838642	0	0.000247035016399515	0.000141470751948802	0	0	5.66587765944155e-05	0.000120236458699107	4.0474053906426e-05
SMGC_182	4.61363034071881e-05	9.59302580858558e-05	9.63808982246347e-05	1.10001847896083e-07	0	0	0	5.11383035406546e-06	1.64761340382183e-06	0	0.000256022240674147	0	2.68091878660171e-06	1.24411366910947e-05	0.000133951251274672	0	0	3.11331600500471e-05	0.000127542137056671	0.0170803452581564	0.00491675209359635	0.0504025217025496	1.25026229145493e-05	0	0	4.80392876793759e-05	3.57420374188124e-06	0	0	0	1.02659856593961e-05	0	0	2.23846059209322e-05	0	5.29438856267383e-05	0.000162621652012183	2.61531891557584e-05	0	2.3119366660631e-06	7.9473314022333e-05	0.00146796204308499	0.00150023737965174	5.883329699131e-06	1.80003043762486e-05	0	2.31246235137368e-05	1.97743158737473e-05	1.08974500277156e-05	0.000305488003144712	9.59404161339078e-05
SMGC_184	0.00114756682762144	0.00126609473458502	0	8.8984319329567e-05	0.00183482149447193	0.00248312217149088	0	0.000162816017100845	5.08360605719178e-05	0.00532152328398194	0	0	0.00343419147593797	0.00114783219990175	0	0.000260627712177343	0	0.000312466149679459	5.91404598560895e-05	0.00726658218913431	0.00210619097015928	0.0185224307390652	0.00169397723765042	3.14491787640763e-05	0.000107001107007105	0	0.00061121529530405	0.000597580316710574	0	0.000311092888390208	0.000204306526090891	0.000754816323431476	0	0	0	0.000354705636913084	0.001604559819776	0	0.000190842189224333	0.000938809403738407	0.00205659112297032	0.000247632612052653	0	0.000641135865969649	0.000864541515110856	0	0	0.000669397900209613	0.000623091623693713	0.000141474666686727	0
SMGC_19	0	0	4.10400287543643e-06	5.82864279494131e-06	0	0.000149474421870221	0	0.000386644597708243	7.58083534228063e-07	0.0028084049500978	0	0.00172075264309358	0.000431151242451535	0.000382035680316353	0.000145021943257243	0.000621821917983302	0	1.56717477536136e-05	0	0.000200618179423435	0.000280677602675506	0.000540776789643526	1.73905877937238e-05	1.10811509975155e-06	0	4.54379155779696e-05	3.64405024353438e-05	0	0	0	5.23652379803242e-05	7.45885175655985e-05	0	0	0	2.21270565562773e-05	0.000751992062071742	0	0	0	0	0	0	7.84169919443402e-06	3.87580210482122e-05	0	0	5.01248405125777e-05	2.0994112288436e-05	3.07273805990739e-05	1.74429536802944e-05
SMGC_20	0.00190342043192378	0	4.42676988541877e-05	0	0	0	9.04425283167963e-05	0	6.88313649567033e-05	0.00220651954377865	0.000391853017826786	0.00370100298032385	0	5.22476855407945e-05	0.00478236725375639	0	0.000889014395608465	0	0	0.000237547283138714	0.000461790768759864	0	0	0	0	0	0.00046076290075037	0	0	0	0	0	7.1199420048129e-05	0.000621864449677546	0	0	0	0	0	0	0	0.00142656785389984	0.000183300182972183	0	0.000244920865924511	0	0	0	0	0	6.10114908689831e-05
SMGC_200	7.24562705354557e-05	0	1.9893333303844e-05	7.92178819782734e-05	0	0.000972556302991843	0	7.31093513354409e-06	3.94465101791409e-06	0	0	0	0	2.49679318125782e-05	0.000550965653909575	2.76323288578317e-07	0	5.64072225389336e-06	0	0.000347735287243606	0	3.65823195193297e-05	0	0	0	0	0.000145929369898977	0	0	0	0.000240195705894988	0	0	0	0.000205102003158029	0	0.000407472472535545	0	0	0	0	9.72471735777373e-05	0.000375685048138177	6.47479523460398e-06	1.12795606095482e-05	0	0	1.21462179508743e-05	0	0	1.90319246015643e-05
SMGC_203	7.96725122466063e-05	0.000200784434049349	0.000127655681131735	0	0	0	0.000799166027762806	1.35938143730891e-06	5.90527168930905e-06	0.000209804831890334	0	2.11924667510045e-05	0	0.00015367804310462	0.000694351730391501	0	0.000235932990091804	1.46827929072871e-05	4.88256063203103e-05	0.000101734977363106	0.000140430514932152	3.9997978610363e-05	7.32554465010579e-06	0	0.000277613859593213	5.74128087267469e-05	4.7157988523581e-05	8.97707631977242e-05	0.000982221641498737	0	0	0	5.64735384857904e-05	0.00659161665822769	2.18532929220899e-07	5.9130614952934e-05	0	0	7.64424319720178e-06	4.75459801287956e-05	7.94034792959921e-05	0	9.92320150832663e-05	0	0	0.000603051240111808	1.71009633050503e-05	0.000120222068646383	8.51898888963503e-05	6.39093312429139e-06	7.5633010966394e-05
SMGC_204	1.24415728938199e-05	6.40618948668557e-06	5.90882999559992e-05	4.68650210820472e-06	0	2.77930384339575e-05	0.00197178028846465	2.68309127374206e-06	6.91234913680279e-07	0	0	0	5.92018338850876e-06	0	0.00021028920851385	3.69164463471852e-05	0	2.09850083100633e-06	6.83693189373555e-07	1.15837463999503e-05	4.95316494484048e-05	0	0	0	0	0	4.16491900650734e-06	0	0.00053039659697915	0	0	0	7.81335555331658e-05	0.00254410385243379	3.67005666425501e-05	0	0.000434615260348628	0	0	1.90242291740544e-07	0	2.18536733510455e-05	0	3.88884878997664e-06	3.1950508383388e-05	0.00297387519074459	2.16553756456738e-05	1.79246216322373e-05	0	1.67224902619175e-05	2.81876074509637e-05
SMGC_209	9.42911829917741e-06	8.88062261224637e-06	1.25462530884585e-05	1.1445660117505e-05	0	0.00709332012236137	0.000839820457046701	3.43578415862734e-06	9.89249352681216e-06	0	0	0	1.32669598598715e-05	8.95418925890233e-05	0.000280410433514609	0.00039560103716619	0	7.76614162933557e-06	2.07989991982978e-06	9.9127859483545e-05	0.000203552713609606	3.45979687730416e-05	0	0	0	0	9.76085862401257e-06	0	0	0	0	0	0	0	0	0	0.000981050083863755	0	0	2.6270643498647e-06	1.02382621597866e-05	0.000103839998358332	0	0	4.3395131550881e-06	0.000130798897730098	0	5.04221282874502e-06	4.30002695512276e-06	0	0
SMGC_212	5.2305857475066e-05	1.53255346531749e-06	7.55403054985236e-05	1.04417936275077e-06	0	0.000438909443941062	0	3.54934299447957e-05	1.1176125584216e-05	0	0	0.000439415139517244	2.40224853721187e-06	0	0	0	5.21505661823102e-05	6.14229656175395e-05	8.76386480053321e-06	0.000357300093361214	0.000330796931596083	0.000589480991005947	0	0	0	0	0	0	0	0	0	0	0	0	0	0	0.0144834792100206	0	0	3.44019533468379e-06	0	0	0	0.000349992553994683	0.000650452736835838	0.000624684012953504	0.0038743737471454	6.3743402178396e-05	0	0.000112819922779906	5.19281372578929e-05
SMGC_213	0.00196631591578501	0	0.000353833455482596	0	0	0	0	0.000430074335259285	0.00141392624608503	0.00147034686781091	0	0	0	0.00219422853093719	6.15087695898728e-05	1.60844339545105e-06	0	0	0.0012675667795389	0.000590127449449598	0.000151201952228007	0	0	0	0	0	0.000427296094586195	0	0	0	0.00640384138490623	0	4.2388325704932e-05	0	0.000497439230565793	0	0.0126507339807624	0	0	0.00124446195960886	0.00159377619988058	0.000228997232784052	0.00127661821664415	0	0.00127782645155797	0	0	9.00990470950776e-06	0	0	0.000355058842624294
SMGC_218	0.00537832735678931	0.00197071807439842	0.000126216143362775	0.00102382531870973	0	0	0	0.00226966966761472	0.000181148349839836	0.0673981961900361	0	0	0.00349446803528247	0.0080325969686243	0.0562769170927922	0.00211295485936164	0	0.0104909364286358	0.00379316099001656	0.0505813729025308	0.0106908538658847	0.0498689654158898	0	0	0	0	0.00424629489778355	0	0	0	0.0118208177151282	0	0.00203755160864185	0	0.000308961050117615	0	0.0386447319979274	0	0	0.000785307066684017	0	0	0	0.0966118433448446	0.00907918286904929	0.00244299498561174	0.00803633992052194	0.00276655521302333	0.000552484133743427	0.00087095680180235	0.000617773969284463
SMGC_219	0.000199215092102729	1.50823244209159e-05	5.13934702164053e-05	4.74581325410191e-05	0	0	0	0.000128801626545877	0.000644269236064303	0	0	0	0	0.000172496772216583	0.00256713036907954	6.81035825610046e-06	0	0.000215664349080298	2.12229182479557e-05	0.000135598994260851	0	0	0	0.000774577244439566	0	0	0.00605733628157797	0	0	0	0.000164525102086273	0	0	0	0	0	0.029916891042487	0	0	0	0	0	0	5.57590470039881e-05	5.05727059097708e-05	9.60751940310346e-05	4.69205508514953e-05	0.000146964259439709	2.3861395390166e-05	0	2.41821703262955e-05
SMGC_221	2.37346793594469e-05	0.00015705612712561	1.29549088360392e-05	0.000167312189356268	0	0.0399546839312802	0	0.000713655040926881	0.000599361084474675	0.0280212475680217	0	0.0764632861663125	0.000749921874050199	0.00045703999419025	0.00336391968008677	0.0089195194658815	0.00804358604623509	0.000755875687017102	0	0.0446375591218044	0.0510188681508392	0.0524870996093682	0.0779313223339418	0.000771980114891789	0.924311100970495	0.448604204501713	4.68697182118916e-05	0	0	0	2.39770619795475e-05	0.00220851598527737	0.000553726620396624	0	0.00351053014407955	0	0.0795627786835593	0.448907541752621	0.442315162218452	0.00115184135734401	0.00254188007421743	0	0.0168178167252993	0.000800738921680459	0.00202297944646255	0.00763226829241153	0.000694095117303284	0	0.000199148971043104	0.00122487548104496	0.000357846870518513
SMGC_226	0.00191432213898269	0.000400552847862258	0.000137613842518708	0	0	0	0	0	0	0.00199812844812419	0	0.00251095295332354	0	0.000100839560706535	0	0.000226104524329372	0	0.000306633804554026	0	0	0	0	0	0	0	0	0	0	0.001344052986741	0	0	0	0	0	0	0	0	0	0	0	0	0	0	0	0	0.00018850016321873	0	0.000736107733928111	0	0.000905847996695101	0.000684345565799046
SMGC_23	3.94680852573052e-05	6.72863295178845e-06	0.000100106428618675	5.92030038083859e-07	0	0.000661272033949501	0.000140790019025538	3.11484683039605e-07	0	0	0	0	0	6.34897032298448e-06	0	1.44467242094471e-05	0	1.07602699229053e-05	0	9.36118245417491e-05	0.000571610735522787	0.000338873997998223	1.84026922212769e-06	0	0	0	8.05302623196869e-06	0	0.000712882771728959	0	0	0	1.36302381311397e-05	0	0	0	0.00132694633509506	0	0	2.40778260626677e-07	1.16159561490066e-05	0	0	1.37297869864896e-05	1.38715043758754e-05	0.000563590949362533	0	2.19693495363672e-05	3.94322883944663e-06	0.000177286644219672	6.09112128419343e-05
SMGC_239	1.64460258021767e-05	1.91715797596896e-06	1.57879143345736e-05	1.45527119341323e-05	0	0.00279485667813058	0	3.40327229277772e-06	3.17440532569464e-06	0.0438764569368095	0	0	0.000280499721956252	0.00188047128499689	0.0715664517097258	0.00350853440009267	0.00669143840645748	6.41243844257723e-06	6.7350778258079e-06	0	0	0	1.08547229643966e-05	0	0	0	9.03413764295711e-06	0	0	0	6.0743521033095e-05	0.00057982151673323	0	0	0.000191500961870629	0.000914448110515866	0.00125834886462282	0	0	3.75712363992028e-05	2.74787348031518e-05	0.00116481993426413	0	5.02281322880355e-06	8.88879826619771e-06	9.07351411488712e-05	0	1.81743769126987e-05	6.35794859870135e-06	1.17078629879733e-07	3.1371107579086e-05
SMGC_24	3.37684203880413e-07	0	0	7.93899876915176e-07	0	4.93083397932315e-05	2.92979214715362e-05	1.28542722497056e-05	0	6.71829582482715e-05	0	0	0	3.43677864201994e-06	3.07427311296089e-05	0	0	7.25122613376815e-06	0	3.21977151474733e-05	9.89526610477307e-05	0	0	0	0	0.0185125912284931	9.36497039235926e-07	0	0.000138885839164848	2.93445551617259e-06	0	0	0	1.62387498809523e-05	0	0	5.05380753636442e-05	0.00531987911331558	0	8.86669751440014e-06	0	0	0	9.50023292475738e-07	2.02355823709278e-07	0	0	0	0	2.00059092558172e-05	1.11802606949088e-05
SMGC_241	3.03138261721608e-05	0	0.000135952328806155	0	0	0.00248367660339653	0.00234908460055192	0	0.00112856895446714	0.00695564966640772	0.00426069443367181	0.00650731930486649	0	0	0.00692206195417973	0	0.00345563288112032	0	0	0.0026482473870081	0.00373344083950473	0	0	1.96683820735147e-05	0	0	0.000858956680147806	0	0	0	0	0	0	0.00219623242803383	0	0	0.000233050645053011	0.00441362508926544	0	0	0	0.00307257487477586	0.00280589721148992	0	0.000230469349078149	0	0	0	0	0	0.000248437371796874
SMGC_244	5.52834070552293e-05	0	1.49563112015127e-05	0	0	0	1.56096508779637e-05	8.77952111649066e-05	4.64971130670078e-05	0.0044763617918113	0.00337565812295225	0.000753831262052047	0	2.87686335502302e-05	0.0163968145112693	0.000300239355050387	0.00150061736409243	0	0	0.00075416759146479	0.00164979217716452	0	0	0	0	0	0.000122318680559497	0	0	0	0	0	0.000178499022957319	0.00204854214172188	0	0	0.00141873188988256	0.00483678593208783	0	0	0	0.00140214296641961	0.000930313414452196	0	1.09350736684333e-05	0	0	0	5.10143606650209e-06	0	7.24109984617416e-05
SMGC_256	0	0	1.43884319647241e-05	0	0	0.00111704566015523	0.000318836293175602	0	0	0	0	0	0	2.50545053468429e-05	0	2.89695182415449e-05	0	5.48095646802459e-05	3.01478355715703e-06	0.00363018084030806	0.00151764091628608	0.00500219714299564	0.000181320290372698	3.29435276023157e-06	0	0	0	0	0.000120926176957513	0	0	8.50265706601799e-06	0	0	0	0	0.000710376775111754	0	0	0	0	1.97033874262116e-05	0	0	0	0	0	2.8432722127542e-06	0	0	1.88541642021636e-05
SMGC_258	7.27517174852012e-06	0	0	0	0	0.00204087656069867	0.000722747271434146	0	1.453514964449e-05	0	0	0	6.9882600400514e-06	4.4890587521953e-06	0	0.000203547324885985	0	1.67389618998349e-06	0	0.00736891372927007	0.0087850968797299	0.00464302287059136	0	0	0	0	0	0	0	0	7.36069415594953e-05	2.33785066934108e-05	0	0	0	0.000124146329325185	0.00841182522370927	0	0	4.47906008646986e-05	0	0.00110330673632008	0.00290511424696856	9.95038716714917e-06	5.71731007039498e-06	4.90686750356101e-06	1.31747797724075e-05	8.24880677533714e-06	7.99543746298981e-06	1.99302027347298e-05	4.36577473134366e-06
SMGC_262	1.03142640538306e-05	1.14173654766817e-05	1.3460506690089e-05	4.72584383760359e-06	1.65897068958556e-05	0.000625501036987322	1.81069991287402e-05	6.19985582105294e-05	5.9158653358984e-05	0.000707008795541601	0.0167294376233195	0	7.87404265258027e-05	3.3007994424026e-05	0.000412247421351391	0	0.000238506744449601	1.18773591592225e-05	1.86625385741191e-06	0.00461123416374729	0.00225721027777406	0.00497452467079964	3.70475582629383e-05	0	0	0	2.22174190333208e-05	0	0.00291606826391849	5.97778789526368e-05	7.5465544671913e-06	0	0	0.000293454507492187	0	0	0.000216488141125287	0.00728230180447403	0.00228902909514341	9.79393450538816e-06	3.05683976117664e-05	0.000226086314446453	0.00589416623862328	1.21845416308992e-07	2.00614193984713e-06	0	4.33460934089875e-07	0	1.71158176440642e-06	7.67692694838413e-05	1.92282546809538e-05
SMGC_265	2.21957184647054e-05	8.96636065334829e-06	0	4.28653375641633e-06	0	0	5.14193707714343e-06	3.60739910034825e-05	0.000905539969151507	0	0.00163550350290122	0.00829397503199727	3.63595882735346e-07	9.48764269153991e-06	0.000506248547151929	4.76989326309185e-05	0	8.5595963859953e-06	2.51586735152343e-05	0.00173551201393763	0.00180303946374418	0.000142358912530646	0	0	0	0	1.06183186516275e-05	0	0	0	0	0	0	0	0	0	0.00173785363020746	0	0	5.02821966573933e-05	0	0.000811511477289678	0.00158802730266678	4.40016625181078e-06	5.20152342704018e-05	0.000165016148632526	0	0	0	0	6.45051964995839e-06
SMGC_271	1.38939163848712e-05	0	2.48451585335475e-05	5.67195041879657e-06	0	0.000292209098374011	0	7.19200556860767e-05	5.17130009590774e-05	0.00146430295854971	0.0184204844560521	0	0.000166183203514139	0.000115758005185267	0	0	0.000409735739498381	1.00764126754813e-05	9.50554098265566e-06	0.00746392027786237	0.00443480855010201	0.00902661424046563	4.05982749213042e-05	0	0.000171052201936436	0.000243440613617493	1.42611517253967e-05	0	0.00368872814438555	0	0	1.99989800693841e-05	0	0.00040397668370789	0	0	0.000924035162750704	0.0135226504738732	0.00395693836067521	1.50101294986786e-05	5.20538111980288e-05	0.000852090365855211	0.00712969447124892	2.81213243004529e-06	4.24482018832758e-06	0	0	1.35414476498939e-05	1.2588322121338e-05	6.90706558091253e-05	2.67241397831123e-05
SMGC_275	9.70585235004082e-06	0	2.34185434472977e-05	2.67060961596021e-05	0	0.000380854041235088	3.59596859724865e-05	0.000125324515062497	6.03336905583926e-05	0	0.0282649948861803	0.00206466964869825	3.23070588578452e-06	3.90227615373131e-06	3.20133473181403e-05	1.70157766677566e-05	0	2.21425521708087e-05	3.12823861412988e-06	0.000189795170215335	0.000103864483959616	0.000255653711096208	8.06767411420077e-06	6.94938834149904e-06	3.78085430560466e-06	0.00106957183881854	0	0	0.000521950816967015	0	0	0	1.67297519691969e-05	0.000157597486138732	0	0	0.000488877837703903	0.00257650304839706	0	0	4.04086170611184e-06	6.48319193755843e-05	0.000567991155911033	1.26727461770052e-05	1.09464861268746e-05	0	0	3.38886888318494e-05	8.27281178083781e-06	0.000139022393039958	3.41966781652321e-05
SMGC_28	0.005964399895531	0.0056528530771576	0	0	0	0	0	0	0	0	0	0.00191272521825039	0	0.00607366155335028	0	0.000424226362905863	0	0.000149065640956143	0	0	0	0	0	0	0	0	0	0	0	0	0	0	0	0	0	0	0	0	0	0.00168733088278195	0.00549396100750089	0	0	0	0.000779613042345674	0	0	0.00235729598375742	0.00398386870063786	0	0.00156683612764616
SMGC_286	1.89486143398681e-05	0	3.06215658909339e-07	0	0	1.80526108323001e-05	0	0	1.89870488998794e-05	0.000144515492661452	0.00287204577958706	0.000701283630925708	0	2.45112097985961e-06	0	0	6.3808680989203e-05	0	0	0.000166083564295167	5.0470190227374e-05	0	0	0	0	0	0	0	0	0	0	0	0	0	1.69620836635266e-05	0	0.00589784379117985	0.000809757885508663	0	0	0	0.00289425977467773	0.00351505081621334	0	5.74897387654282e-06	0	0	0	0	2.21402890396916e-05	8.7387092881352e-06
SMGC_297	4.46838882670627e-06	1.78808692801509e-05	0	1.27780737089084e-05	0.000316705894884748	0.00142799017057205	0.000521912836259221	3.39610139996633e-06	1.75863385079359e-05	0.000567406714129204	0	0	7.13572909030561e-06	2.11460560854196e-05	0	0.000224228065184173	0	9.39242680393292e-05	4.95918204263616e-05	0.0234235014503	0.0438353299703822	0.0155246004532493	0.000105769426739147	6.0452765311726e-06	0	0	0	0	0	0	1.6151270164474e-05	0.000183836648863734	0	0	2.0419874521879e-05	0	0.000870762279183226	0	0	4.27492253848714e-05	0	2.7684516654044e-05	0.00115919646324909	2.45602328987591e-06	8.22824510251789e-06	0	0	0	0	2.27187771417591e-05	1.40777835462356e-05
SMGC_299	6.33136525288484e-05	0	1.40809425572089e-05	4.29944554244441e-06	0	0	0	0	0	0.000611080962983057	0	0	0	0	0	0.00014418682276018	4.61839525845394e-05	0.000315770243877616	0.000171561763213333	0.0305377947809452	0.0730400491685955	0.0321246197319786	7.49061795918266e-07	0	0	0	3.67737836366635e-09	0	0	0	2.15321700666019e-06	0	0	0	9.58291085072417e-06	5.92218832087231e-05	0.00273401480941098	0	0	8.88954140924864e-05	0.000277321624993437	0.00112181943099825	0.00480578726098464	5.57226533381495e-05	0.000134070204844701	0.000349151049249292	0.000117180898500458	5.38089318779264e-05	0	0	4.15262791673006e-05
SMGC_301	4.40927561239194e-06	0	9.93840968718601e-06	7.34377339520751e-06	0	0	0	0	0	0	0	0.000107720729125419	0	2.31713264173579e-06	0	1.28939087246143e-05	0	0.00090701296317344	0.000181282601395474	0.00615947156294039	0.00189091959512908	0.00552508506406455	0	0	0	0	0	3.64411212594357e-06	0	0	1.25300081963079e-06	0	0	3.56318409172966e-05	0	0	0.00064545813951707	0	0	0	0	2.83627208050623e-05	0	7.73834207386657e-06	2.85299886614281e-06	1.23004502402013e-05	0	0	7.49755733219101e-06	1.11256699636125e-05	1.38603695958534e-05
SMGC_302	0.000135267902429697	3.0282924261506e-05	2.30314215020998e-06	0.000179586275789273	2.03934507514091e-05	0.000381609745448129	0	0.000141100340948286	0.000131643762839915	0	0	0	0.000120668546641362	6.5345961370393e-06	0.00029375422832348	7.21991909678433e-05	4.55572753617869e-05	0.000359124690495557	0	0.00377074043161376	0.00530245626709284	0.00294396707946144	0.000249261916053925	0.000125910101985128	0	0	0.000163715868838432	1.95953755382034e-06	0	0	5.23923111492334e-05	0	9.22175716633832e-07	0	0	0	0.000558376913110629	0	0	3.8890380234575e-05	8.9379379053954e-06	0.00012889066142905	0	8.83520742858806e-06	5.01283866547799e-06	0	3.69146794936145e-06	0.000162133765571621	0	0	3.39875210429094e-06
SMGC_303	0.000118476763864266	4.07709166191554e-05	0	6.91343488799487e-05	0	0.000314457285863277	0	9.1160830638392e-05	0	0.00241187807940293	0	0	7.12184753526352e-05	0.000108991983418639	0.00406536087395068	0.000516109893737463	0.000342911183184814	8.98227018534291e-05	0	0.000828079605110094	0.00127927706631688	0.000415706505943579	4.98984321780511e-05	0	0	0	4.58528014429916e-05	0	0.00125842854939051	0	0	6.07208347322519e-05	6.83591760574102e-05	0	6.96107350841297e-05	0.000182193338113823	0.000390725597441687	0.000266856312908856	0	0	1.25379205224472e-05	0.000198791969624958	0.000763122988142875	1.07438090547595e-05	1.58289834455242e-05	6.54423782021177e-05	0	7.98691107167692e-05	0	0	0
SMGC_304	3.12047502485877e-06	0	1.19935950036839e-05	1.0161554219378e-06	0	9.87183214495337e-05	0	0.000443816833993966	0.000203685960149348	0.000210560305792459	0.00689168217495682	0.00605561418279296	0	0	0	3.59319905648672e-05	9.24426912287518e-05	5.14033847858749e-06	3.93807690117291e-06	6.5185177638493e-05	0	5.58985824096814e-05	1.70134420219995e-06	0	0.000126446291292542	0	2.22123752486754e-06	0	0	0	1.42467139405326e-05	0	1.64331685378468e-05	0	0	0	6.65882289329707e-05	0	0	2.43131996383751e-07	0	5.29237765069471e-05	0.00010081466764939	1.93038097558151e-06	2.3681970352259e-06	0	0	3.1345090280047e-06	0	1.86691754202983e-05	0
SMGC_305	0.000114186146711195	4.40968487213882e-05	0.000230275270202723	8.47484327868019e-05	5.3088064522483e-05	0.00177511234910846	0.000598652480118541	0.000495157854338876	0.000114937867157499	0	0.00638309312178005	4.96227619870074e-05	4.14671223261055e-05	8.98159150801303e-05	0	0.000104061532233813	0	0.000205906178780463	7.89399630752867e-06	0.00105250405450746	0.00124910500210467	0.000905431233387434	0	0	0	0.000567451132211915	4.52319393623985e-05	0	0	0	3.65831699032842e-05	0	4.30857237680412e-06	0.000432777290529921	0	0	0.00199299571636289	0.0339539585456608	0	6.26628411251073e-05	0.000187320859386047	0.00269487380000327	0.0121364143871918	1.87855888074469e-05	5.09442150036758e-05	0	1.57879830210804e-05	0.000217301042405465	3.98109146315214e-06	0.00700368605570064	0.000230710412265726
SMGC_314	2.56005117688096e-05	1.38526957311872e-05	3.84080511782228e-05	8.35408918391088e-05	0	0.00157319726661819	0	3.80799906698734e-06	0	0.00972239422264574	0	0	0.000350735607080047	0.000139172382133256	0.0191765993812136	0.00203232455389947	0.00355384652748169	0.00544014073023167	0.000118158981339571	0.0278016136238145	0.030411407157604	0.0298148072193127	0.000530249168972586	3.35778687026909e-05	0.00245618502666679	0.00419013947679357	1.50210510276025e-05	0	0	0	0.000271997202759276	0.000789717401843096	0.000375441248547057	9.65548319838199e-05	0.00114710132374879	0.000870867109888121	0.00744701440686184	0	0	0	0	0	6.95445835867808e-05	1.24028504432806e-05	7.71019452850583e-05	0	0	4.4148725549066e-05	8.41630138292005e-06	6.51154544255884e-05	7.19354001213327e-06
SMGC_316	8.83576977389287e-06	0	2.18220479191959e-06	3.26945509913651e-06	0	0.0010819720650511	0	7.92483805310118e-06	2.00475190039421e-06	0	0	0	5.09043156483097e-06	0	0.000247454164863152	2.96946084358751e-05	0.000154240740181633	0.00270438871132295	3.23313629726854e-05	0.0360046662202175	0.0575555177369008	0.0355721799945445	4.67178269634396e-05	0	0	0	9.73644008343349e-07	0	0	0	0	0	0	0	0	0	0.00237687681273865	0	0	0.000389676642034383	0.000486273758259232	0.00342201785704458	0.0147324512473823	0	0	0	1.08079409912013e-05	6.6139708106578e-06	0	3.1180855979587e-05	2.82997411804702e-05
SMGC_324	1.9825976629311e-05	0	0	0.000137726760766772	0.000508739552707025	0.0740199826479432	0.00263897492484962	0	0	0.0100007054219414	0	0	6.48251071134267e-05	0.000290479756171213	0.0138398767081	0.00201106870418164	0.00186242141083087	1.19483531328326e-05	1.85807846406472e-06	0	6.04451394427244e-05	0.000317578291000011	0	0	0	0	5.04280050595233e-06	0	0	0	9.59349040508231e-06	0	0	0	0	0	0.00106647991438981	0	0	2.98998507819108e-05	2.75519460054958e-05	0.000374244942740994	0	1.34122769556355e-06	8.10870590994693e-06	2.70768045151088e-07	0	3.00420629328155e-06	0	0	4.40044984405519e-06
SMGC_326	5.22275697233809e-05	5.36903151424421e-05	1.38225924787966e-05	1.61078520058945e-05	0	0.000568962988588351	0	0	1.18288659838117e-05	0	0	0	1.9027060222363e-05	8.11148503006749e-05	0.00139054079463785	0.000109732927667669	0	0.000379490907850548	4.54825307419391e-05	0.0060355563931472	0.00739187064401707	0.00493111144264554	0.000360340876246441	1.07908107227518e-06	0.000953665651585792	0.00146781817935937	2.91626040989323e-05	6.23178705909403e-05	0	0	0.000153226938355975	0	5.11625572610123e-05	0	0.000227507366692073	0.000146394576548678	0.00156683168239405	0.000638985364420712	0.000140675434695935	0.000278743365201899	0.000636619512754652	0.00325047910336751	0.00617271220923452	4.71405494961282e-05	0.000238530982913918	0.000403611014844403	0.000509762390415054	4.38769002709552e-05	2.47887836579368e-05	1.065493322754e-05	1.70025363202471e-05
SMGC_329	0	0	3.58304501839697e-06	2.55024533546505e-05	0.000105488381746787	0.000420503957173897	0	0	0	0.00170588075189267	0	0	1.90019942590093e-05	3.94799773849512e-05	0.00399504000542228	0.00029485432727869	0.000554992397783699	6.1887064129975e-05	5.51089128030099e-07	0.000956546628400819	0.000410334427206562	0.00114050568559486	9.07451160097009e-06	0	0	0	0	0	0	0	2.45582431536545e-06	0.000167182696435307	6.83509175235205e-05	0	0.000145825303640013	0.000157640735762031	0.00072176606812	0	0	0	0	0	0	0	0	0	5.08272381996919e-06	4.42256480393051e-06	0	1.77023404150126e-05	3.75054125239535e-06
SMGC_33	1.31721617385419e-05	0	0	0	0	9.6181305258785e-05	0	3.44622193047641e-05	3.35164393663041e-05	4.01730436818825e-05	0.00899196138359106	0	0	8.88835543902005e-06	0.000109098656665543	8.07822284985295e-05	0	3.16531847956577e-07	0	0.000188223450731692	0.0004229262459957	0.000114389789834439	0	0	0	0	3.20004807730491e-06	0	0.00254658852184429	0.000184053485665499	0	0	0	0.000183398755031542	4.1977085925417e-05	4.72681838315732e-06	0	0.00387157985397274	0.000867755764198456	2.53704791584772e-05	0	0.000355519865558786	0.00162386515567858	0	0	0	1.79362332901827e-07	3.14106589827615e-06	0	1.97435227954682e-05	2.23972187133452e-05
SMGC_332	0.0071441022002416	0.000533351893504486	0.000129910267071884	0.000157405214645757	0	0	0	0.000338567081699409	0.000103230023257724	0.00716169809957079	0	0.00195324001786371	0.0104289319927375	0.00116159108409343	0.00519998821861653	0.000378595825726819	0	0.00308703660784093	0.000698125672755147	0.00375565863325836	0.000418190517770653	0.00965205888682626	0	0	0	0	0.0190936562492082	0.00090184880331242	0.00795865887294735	0.00110373087145342	0.0281480215821787	0	0.000575349751639411	0	7.33578217679068e-05	0	0.00937787411815812	0	0	0.0220513872776597	0.0003694716118535	0.000454918847639456	0.00568703461734646	0.00612893842577183	0.00133102695508621	0	0.000475976871469067	0.008254793593556	0.000439423310743761	0.000701373125571196	0.000178451222187279
SMGC_334	0.000218449409324679	0	0	0	0	0.000307950316079552	0	8.82077390689847e-05	0.000222785004176344	0	0	0	0	1.44359268459016e-05	0.000901426809967599	7.13378258504607e-06	0	0	0	0.000177997844777388	0	0	0	2.00225795371111e-06	0	0	0.000141231728543269	0	0	0	0	0	0	0.000448246705503841	3.88928695935257e-05	0	0.000818655431003279	0	0	0	0	0.00013452113494354	0	0	8.65334070846543e-05	1.41191075601974e-05	0	0	0	0	2.69061295116054e-05
SMGC_336	4.85714612368839e-05	0	1.40177044084358e-05	4.91071802766426e-05	0	0.000664271106859159	0	3.86626211277075e-06	8.01482630701528e-06	0	0	0	0	1.39372525008452e-05	0.000566768818215381	3.4642468133953e-05	0	1.71879635799984e-05	1.72024842837284e-06	0.000412075173519613	0	2.33809624325346e-05	0	0	0	0	0.000160931336622349	0	0	0	0.000225181137359305	0	4.76471393971985e-05	0	0.000131849001336686	0	0.00036941734302648	0	0	4.32152587094637e-08	0	0.000137482820846137	0	4.19734757797095e-06	1.04284069659446e-05	0	0	2.37636688094005e-06	1.42307607148178e-06	0	2.01546286237486e-05
SMGC_337	0.000200190897356047	4.33432596888645e-05	0.000375609472127132	3.33166734661648e-05	0	1.47451247457405e-05	0	0.000256812706781413	2.37900891438861e-05	0.00101796485343751	0	0.000963286075199987	3.88486483835757e-05	4.09135363982416e-05	0.000176704231773693	2.28341513942123e-05	0	0.00144578266353369	7.17554281388623e-07	0.00146413794717832	0.00148131108556922	0.000800423663793431	0	0	0	0	8.40122913471761e-05	0	0	0	0	0	2.78126188963059e-05	0.00137290209545837	0.000128987845437413	0	0.000614555861060835	0.00461267514472662	0	0.000166612838573051	0	0.000168029514976184	0.00249732094274504	2.05548802096069e-05	3.37580814270937e-05	0	0	0.000390111927794109	3.22336991919792e-05	0.000869451704323033	0.000391568638427249
SMGC_338	3.31115502450824e-05	0	7.75607501004771e-05	6.9628796829789e-06	0	0.00134267425338463	0.000849720733222316	0	1.09412788067516e-06	0.000332715428477283	0	0	0	3.90253511770218e-05	6.85749646924087e-05	2.13319772739904e-05	0	2.21617415085298e-06	0	0	0.000199261449133825	5.61808507227009e-05	0	5.8677457955149e-06	0	0	2.45634807411325e-06	0	0.00259185877436041	0	9.6129746089175e-05	0.000358344398036523	8.03280930939192e-05	0.00774788985547691	0.000198284506490709	0.00108103413228567	0.00117556321289579	0	0	0	1.2214138965246e-05	2.23243704301681e-05	0	1.41135815774449e-05	0.000110080000192781	0.00269890149225152	0	6.83764709936983e-06	0	6.02515410278316e-05	4.31649739326227e-05
SMGC_340	4.72311717508409e-05	0	0	2.36869833858464e-05	0	0	0.000206182422708045	7.09427450818772e-05	0	0.000780126431429769	0	0	0	0	0.00527768427609316	0	0	0	0	0	0	0	0	0	0	0	6.6480842211371e-05	0	0	0	0	0	0	0	0	0	0.237934144180429	0	0	0	0	0	0	0	0	0	0	3.27807085067118e-05	0	0.000959093253462936	2.58893323488052e-05
SMGC_343	0.00146575606431203	0.000175955675835927	0.000918465901065867	0.00112404773434307	0	0	2.49467703970774e-05	0.00291828474901112	5.96410427719429e-05	0.0072317957553277	0	0.00143484402563005	0.000945994033111052	0.000363981249343998	0.00325399090356603	0.00022190063249311	0	0.0610678588893524	0.000382037110431474	0.0236623746487941	0.00803145288850399	0.0184263731455927	0	0	0	0.0185694885441059	0.00244292008876099	2.29882035025167e-06	0.011405311028087	8.13522706188258e-06	0.00125952054076647	0	0.000452915493612277	0	0.00122811164717301	0.000951573625913893	0.0150006345803758	0	0	0.00288243019999585	0.000252543909412204	0	0.000518207614993686	0.00073363215973167	0.000288128694734297	0.000937577533215949	0.00040698165165464	0.00422281502299243	0.000104130495942099	0.00376584152534154	0.0013371827154096
SMGC_345	0	0.108194289656546	0	0.0838356626029926	0.113439452162008	0	0	0	0	0.693367112191725	0	0	0.0125527100947349	0.201960636860745	0	0.021125090249395	0.0579242596281655	0	0.00623303175981027	0	0	0	0.208543042753758	0.00948794982264398	0	0	0	0.160401061464734	0.41206283325338	0.211118918636949	0.0752098713096689	0.142190478415019	0.0108983852994781	0	0.0211802101916849	0.0743255807188201	0	0	0	0.174468401521594	0.738956627275462	0	0	0	0.0906369398624716	0	0	0	0.262972959569967	0	0
SMGC_35	0	1.06397862416975e-05	1.19526001390598e-06	8.13071482387748e-06	0	0.000826711304225304	0.000134235086951041	0.000101788256881374	5.87983788705657e-05	6.17430222048681e-05	0.028956656734188	0	2.82699351145012e-06	4.89503728085792e-06	0	5.16255376304295e-06	0	7.6653253514195e-06	1.17941723720889e-07	4.57562544210744e-05	0.000301958628057621	8.48468629163907e-05	0	0	0	0.000693718290889813	0	0	0	0	0	0	0	7.9550032179582e-05	0	0	0.000388365279925196	0.00354406771251455	0	9.64486951556039e-06	0	0	0.000681792237383301	3.33405548476979e-06	0	1.37347349599105e-07	0	0	9.87473485675953e-07	1.36687985137603e-05	1.48541065049548e-05
SMGC_357	3.0406707518272e-05	0	5.63435613456052e-06	0	0	0.000178313057515619	0	0	3.11180481634636e-06	0	0.000180924378300224	0.000237384661688131	0	3.47404776782159e-07	0	0.000199375312451846	0.00020699816227439	0	1.35200124757104e-05	0.000775802508629862	0.0146994939029318	0	0	0	0	0	1.56406974202739e-05	0	0	0	0	0	0	2.93715602264765e-05	0	0	3.1062573621193e-05	0	0	0	0	7.34197211302296e-05	0.000112577547250443	9.12813144081258e-07	7.42078124736666e-06	0	0	0	0	0	2.02985445627158e-05
SMGC_36	0.0249481724792217	0.0226571245082257	0.000719695638688372	0.000525321711561597	0	0	0	0	0	0.0347531983687408	0	0.0199035417846694	0	0.0234066341334971	0.00337020533418257	0.00123391170129945	0	0.000980113623246966	0	0	0	0	0.00106646679845124	0	0	0	0.00494267232096594	0	0	0	0.00962344056564912	0	0	0	0	0	0	0	0	0.01009355799217	0.0283495001231002	0.000717035532590509	0	0.00380110306568504	0.00636531999317065	0	0	0.0142333366705862	0.0121120425993849	0.00151342545523925	0.0032000444451231
SMGC_362	2.94875361045127e-06	2.77976129808375e-05	4.35665577917579e-05	2.27043342737196e-06	2.12019373637217e-05	0.000558314715522062	0.000231825648876783	2.19909985331741e-05	1.32433068981284e-05	0.000125429388813942	0.00362420931992346	0.00028724643739436	0	1.16641139671554e-05	8.52386824900511e-05	1.12048149230616e-05	2.41402598808967e-05	1.01274165580035e-05	1.66523114148303e-05	0.000470854770059908	0.00272224765379779	0.000698323303993602	1.33955319926974e-05	3.2621394674696e-06	5.33032007355358e-05	0.000157181585778951	0	0	0.0003532249665858	0	0	3.46189125140636e-05	0	0.000180871363793229	0	0	0.000610723773236712	8.4560818143739e-05	0	1.41727678563762e-05	3.2458695633386e-05	0	0	4.6881179860385e-06	0	0	0	0	7.51777883041893e-06	3.49424916920943e-05	4.31391604532176e-05
SMGC_37	9.2513414931861e-06	4.37776329658347e-06	0	9.75017738063393e-06	0	0.00151212259599866	0.000513556956835355	1.12248141010106e-05	2.86337046644191e-05	0	0	0	1.1429531342027e-05	0	0	0.00019526268239741	0.000224740067696422	3.31187062871317e-05	0	0.000895017250924167	0.00246036947417914	0.000415929772370719	3.25424579233546e-06	0	0	0	0	0	0	0	1.76627391677249e-05	3.45429931944603e-06	0	0	0	0	0.00234949079066008	0	0	2.92861263163436e-06	0	0.000479833334991049	0	7.7689914649638e-07	1.56338177613907e-05	2.59684497080673e-05	4.27362496959708e-05	7.96444110156324e-06	1.49834583228294e-05	3.46954067383019e-05	1.50320774843831e-05
SMGC_375	0	0	2.15582710336547e-05	6.96249385982732e-06	0	0.00141943731940413	0.00387961906120937	0	0	0.000180983899236874	0	0	0	1.1501321287212e-05	0.000326885083466764	0	0	0	0	9.60375247749015e-06	0	0	8.9223109933268e-06	2.25609562292326e-06	0	0	0	0	0.000885657387363518	0	0	0	0	0.00407618291825819	0.000220875646733002	0	0	0	0	4.94210304652164e-07	0	4.21842171153616e-05	0.000219085772760426	1.36078119726973e-06	1.09821526365541e-05	0.000435625024522197	1.64931927116213e-05	0	0	7.13613546802327e-06	5.44312478907891e-06
SMGC_38	7.79293145158258e-05	1.8997914350874e-05	0.000139729506952552	0	0	0.000292599684569972	5.14808752767371e-06	0.000225182574827504	5.92614330208715e-06	0	0	0.000722309008235716	2.38147803001566e-05	2.47284106119485e-05	0	0.000110356957048397	0	0.000558319055954765	0	0.000994264942581861	0.000587642402189968	0.00063492362652534	0	0	0	0.000222070497343334	9.56836128757793e-05	0	0.000644732293599001	0	0	0	0	0	0	0	0.00300661334635437	0.0100320590240726	0	0.000152393134067043	7.35729770908159e-05	9.27098109179345e-05	0.00257580404890971	2.50787195872099e-05	1.81102011881611e-05	0	0	0.000213470374104756	8.90599889689715e-06	0.000458432888213263	0.000129783783231396
SMGC_383	4.72105879882237e-05	0	7.91081219288782e-06	7.55090663519072e-05	0	0.000538388133980388	2.25039126649768e-06	7.75505259959667e-06	2.74028554453123e-06	0.00096664174479217	0	0	3.74272182299958e-05	7.39691725661517e-06	0	5.47818069662592e-06	5.81095939634858e-05	1.84570173860757e-05	4.1728925755861e-05	0.000759535245459013	0.000213694279680405	0.00266743348537379	0	0	0	0	7.24522347378376e-05	0	0	0	4.72235062352909e-05	0	4.67517615102597e-05	0	0	0	0.000465397605120877	0.000274812296926859	0	3.26165882232361e-05	0	7.31957659231773e-05	0	5.2340922476119e-06	0	1.69241277884672e-05	0	0	0	1.86007491852886e-05	1.38854464965657e-05
SMGC_384	2.29733797303995e-06	0	1.02820100085192e-05	4.95947001389012e-06	0	0.00265925385566514	0.000553188292735414	1.66390816919816e-06	7.38195440694485e-05	0.00893923348884005	0.0324564278744637	0	0.000103836838714462	0.00048083189834528	0.00480038635265272	0.00210944435908339	0	2.67012575370494e-06	2.71289515013415e-06	3.80559530847685e-05	0.000699826090330029	0.000173467793965747	1.86875884757197e-06	0	0	0	8.43965707727073e-07	0	0	0	0	0.000130220750766738	0	0	0	0	0.00109986364300994	0	0	0.000100131351281768	0.000173047490801088	0.000417198542855007	0	1.55887720170376e-05	0.000108116344139175	0.000369253891138511	0	1.54360174036976e-06	6.49448390871841e-07	0	4.40611038463571e-06
SMGC_385	1.21268495794886e-05	2.45206435139334e-05	4.06052218189699e-05	4.78057394553492e-08	2.79650769002954e-06	1.76149957630956e-05	0.000112792758004142	0	2.37871119125318e-07	0	0	3.86388138844145e-06	0	1.57927984838913e-05	8.30531499162365e-05	0.000151428110170901	0	5.13264609309342e-08	0	8.70510777824319e-05	0.000452426945156322	0	0	0	0	0	6.08530081417286e-06	4.30965612029832e-07	0.000731660471107842	0	0	0	6.22251304841121e-05	0.00879609333889434	0	0	0	2.55348672527523e-06	0	6.52377206206258e-07	0	5.74283581232413e-06	0.000109113880434158	1.43570895308103e-06	1.18698947884948e-05	0.000173526706792616	0	3.89008188673887e-06	3.66340771867415e-06	1.00499626715672e-05	1.90455302125989e-05
SMGC_390	2.61693245499396e-06	1.37357861828019e-06	0	0.000285977473787296	0.00122925569044789	0.167648767500275	0.0552074094072994	1.5694298526169e-05	4.06596691486696e-06	0.000442188462872745	0	0	0	1.78352414196348e-06	0.000872881163840062	3.08076582090199e-05	6.64239526080922e-05	2.90256049444938e-07	3.4192674496425e-06	0	0	0	0	0	0	0	1.42433751164484e-06	0	0	0	0	0	0	0	0	0	0.00195231553719108	0	0	1.45710176660711e-05	0	0.000599186135009501	0.000339885248379236	3.89439267849627e-07	6.53807354321437e-06	9.6519398287327e-05	0	3.40126222448429e-06	0	1.33151761701775e-05	0
SMGC_392	1.62808143677997e-05	2.25494723610976e-05	9.02788657414703e-05	0	0	0.00227197354435158	0	2.61788720603175e-06	6.95643678231931e-06	0.000179062302404284	0	0	9.34385662022544e-06	1.77545604109595e-05	0.000612957545289707	6.6379933757607e-05	0.000163202613129397	0	0	0.000236441266880282	6.44740282654151e-05	0.000443905838860097	0	2.1099174718859e-07	0	0.0111560077684896	4.60389833989562e-06	0	0.00100675715499561	0	0	0.000142195113269956	0	0	0	5.14454601733183e-05	0.000681344856967983	0	0	4.63922442050476e-05	0.00175879101250116	0.000995218277798326	0.00298407761718111	2.82847261860266e-06	8.13123652552863e-05	9.79345589732822e-05	0.000163326320910433	0	0	3.8171496383635e-05	6.67281819890072e-05
SMGC_395	0	7.59782254393469e-06	0	0	0	0.00204586434208669	0.00069198655337182	1.88223958298703e-06	3.0101920277935e-06	0.000719250050221279	0	0	4.86187050293447e-06	3.94713148007424e-05	0.0010790250222405	0.000214709482155584	8.35959436636573e-05	1.63028774127401e-06	9.53544550608571e-07	0.000582103333997404	0	0.000531958200061931	1.04391482059708e-05	0	0	0	2.51461051284319e-06	9.6288788747243e-07	0.000167281562322324	0	0	0.00024453802738223	0	0.00295968319793284	0	9.56740049284678e-05	0	4.88414885299166e-05	0	6.46526160288194e-07	0	1.53736533881271e-05	9.067137114944e-05	7.87305484803237e-06	0	0.000824670853301062	7.88721684792839e-05	1.03057414226872e-05	0	0	1.33038632198855e-05
SMGC_416	1.11226759223009e-05	1.74058500986694e-05	0	0.000122748851884661	0.000386486239711672	0.00136559523934386	0	5.19327413299221e-06	2.87795613190127e-07	0.000757025092936506	0	0	0.000107181357996691	2.20568648932808e-06	0	9.47372985036677e-06	0	0	5.28210002116131e-06	6.35589943737558e-05	0	0.00118997532129565	0	0	0	0	7.03380451577444e-05	0	0	3.97999333844263e-05	0.000137649295441148	0	1.16177611736371e-05	0	3.06667629336639e-06	0	0.000775576511524363	0	0	0	0	0	0	0	0	0	0	3.83801588042132e-06	0	2.99913986246807e-06	2.28663125009688e-06
SMGC_418	1.05796711194016e-05	1.74634900062473e-06	1.6882843151853e-05	2.90284238827127e-06	0	1.51786245545985e-05	0.000980409487661816	0	0	0.000276268797533161	0	4.30563331379978e-05	0	0	0.000163289925716779	0	0	0	4.37396040127796e-06	1.44295482476356e-05	0	0	0	0	0	0	7.5777331496562e-07	0	0.000277704464290064	0	0	0	0	0.00973671469744058	0	0	6.09397243502781e-07	0	0	0	0	0	0	0	2.0648095241983e-05	0.000114074155076429	0	1.67218045408859e-05	0	1.52061399628417e-05	4.31714246134708e-06
SMGC_434	0	0	6.20413097629535e-06	0	0	0.000118048415213688	0	0	8.86304425185049e-07	0.00186243636931163	0	4.7719319165065e-05	0	9.12042687558209e-05	0.00452128332746736	0.000325318033967616	0.00162756771568867	4.38733950252976e-05	5.94358205831267e-07	0.000222658826662107	6.74812818166917e-05	0	0	1.70301048673603e-06	0	0.000264363847610102	1.02575571889212e-05	0	8.65144021318538e-05	0	0	0	0.000146179243000379	0.000433101396561486	0	0	0.000831796703036169	0	0	0	0	0	1.77404613638708e-05	0	0	0	0	5.22443616251528e-06	0	1.31908004021553e-05	8.86304425185049e-07
SMGC_436	6.40327579659331e-05	1.3538317768932e-06	0.000112811713832483	0	0	0	0.00136101534093574	1.69711129596468e-05	2.6987295627932e-05	0.00115544639648438	9.95620410875414e-05	0.000200441202043089	0	4.72102059819237e-05	0.0029429175451701	3.37649494687376e-05	0.000363084168841274	0	0	0.000201674254987927	0.000626170140535461	9.84486424091772e-06	0	0	0	0	6.22628228054726e-05	0	0	0	0	0	0.000105295968705095	0.0126093689019025	2.96747803111303e-05	0	0.000886406665976958	0	0	0	0	0.000746156684449516	0.0105059895280132	9.35788611971607e-06	2.14866485969707e-05	0	0	0	0	7.44497608232936e-05	0.000293972899385144
SMGC_45	4.44953240331975e-05	0	1.19911667353656e-06	4.85566932677314e-05	0	0.000708873786527327	0	1.04668606284426e-05	0	0	0	0	0	0	0	1.43563237801842e-05	0	3.28172345650132e-05	6.20802690225534e-05	0.00130697434556014	0.000333434866084483	0.00114928448330055	0	0	0	0	4.99551558792959e-05	0	0	0	0	0	5.9831654049906e-06	1.21946545201184e-06	3.32880866057716e-05	0	0.000132076615775386	0	0	2.91045273156971e-06	0	0.000103488709742019	0.000179578235910364	2.4674566614694e-06	2.93016436442516e-06	0	0	0	0	3.3185003478488e-06	1.85232399989785e-06
SMGC_464	0.000132961353067224	0	1.97884606219048e-05	8.29391893098027e-05	0	0.000443911308136181	0	9.52056230940554e-06	0	0.00265949249787711	0	0	0.000590966040405616	3.66195844123787e-05	0.00368423786769113	5.03033064051389e-05	0.000336530963962843	3.84873515670189e-05	6.34210236128168e-05	0.0012617277475335	0.000363777836315802	0.00287550758394748	0	0	0	0	0.00012721450495334	0	0	0	0	0	7.35126230085541e-06	0	0.000210369212273475	0	0.000412167268642971	0	0	3.11759362557253e-05	0	0.000176642840361323	3.67648695883982e-05	3.87748771879337e-06	3.75839460869211e-06	0	0	1.21472357297702e-05	0	4.54331925426521e-05	1.4171469695856e-05
SMGC_469	1.65917701143418e-05	7.86147587175339e-06	0	8.88815558672715e-07	0	0.00108189953756138	0	2.4752130567741e-05	3.55234602764413e-05	0.00383402774530472	0	0.0014457130366158	3.04071399346832e-05	2.59761915241329e-05	0.00359045821995452	0.000350974544385095	0	5.89085671129188e-05	0	0.00226256996200481	0.00294785147002636	0.00217523816634545	0.00311792386168691	0	0.0295790072284079	0.0143150336374729	0	0	0	0	0	0	0	0	0	0	0.00526851465764025	0.0184311289356716	0.0151398888589634	6.41767732724886e-05	0	0	0	4.24965863671268e-05	0.000110950349616077	7.10550705699258e-05	0	9.79978527845391e-06	0	5.35694686497708e-05	3.37919741567075e-05
SMGC_473	2.59138952537651e-05	0	0	6.79714186704723e-05	0	0.00353248905099689	0	1.44532159375864e-05	2.6231242969382e-06	0	0	0	0	0	0	0	0	0	1.7772287844098e-06	0.000754202711411688	0	0	0	0	0	0	3.29670554319862e-05	0	0	0	6.52095153978914e-05	0	1.59633719834468e-05	0	0	0	0.00028806377295978	0	0	1.98056427934056e-06	0	4.61425643055762e-05	0	8.30362672098156e-06	6.0784666385393e-06	0	4.39373979088391e-05	2.89342666946457e-06	1.00364480970686e-05	0	8.09254615164832e-05
SMGC_481	1.4714465463644e-05	0	2.20641366721354e-05	4.22074914009388e-05	0.000504277958447018	0.000242150000875543	3.45834203990672e-05	0	0	0	0	0	5.29252204792671e-05	0	0	1.89464380914428e-06	0.000161596337989691	0.000102766617759496	3.02037116652456e-05	0.00292164987985335	0.000488975770154146	0.00380674729985948	6.98114505183319e-05	3.91571221315944e-06	0	0	8.64444803778743e-06	0	0	0	1.54038686213331e-05	1.75473981473736e-06	0	5.04553881031396e-06	0	4.28716593065648e-05	0.000739391576209035	0.000336950252065148	0.00424171787284051	4.73465118210441e-05	1.99876666112833e-05	0.000172082522241011	0	0	0	0	0	3.63704736788122e-06	8.83307583121731e-07	1.44135758498587e-05	1.06300818737844e-05
SMGC_485	6.67416679352115e-05	3.61166153537795e-05	0	0.000121588277594561	0.000137444633317486	0.00236020282565627	0	8.92586699991155e-06	0	0	0	0	0.000833746789574624	2.9585506860825e-05	0	0.000101765492098976	0.000167851471861317	1.62394745862787e-05	1.89356953809552e-06	0.000104250644796979	0	0	8.96839901978172e-05	1.30386445827044e-06	0	0	3.0892337130989e-05	8.52409518186937e-06	0	0	3.58542336192615e-05	0	0	0	0	9.96028293669083e-05	0.000573179700190688	7.46518701507611e-05	0	9.42635897022991e-06	3.8907451559031e-05	0	0.000108395109781557	2.53347423320077e-05	9.74339487588129e-06	0	4.60495480749137e-05	3.33335626081978e-05	3.9312539137236e-06	0	2.49670028593198e-05
SMGC_490	9.71951118861135e-05	0	4.70184421577681e-05	7.19085788963944e-05	0	0.00299927973157367	0	4.97352436068261e-06	0	0	0	0	0.00123057011723694	0	0	8.25864960949576e-05	0	8.69383364182448e-05	7.82715004024013e-05	0.00220024349290961	0	0.00693212157916922	0	0	0	0	2.6002668903188e-05	0	0	0	5.31054787858517e-05	0	2.95408921078844e-05	0.000183849058805335	5.44080652177829e-05	0	0.00142454245343764	0	0	7.63617225170783e-06	0	0.000238594293037775	0	7.70358114573039e-07	7.99213440707683e-06	0	0	2.16415681789667e-05	0	0	9.7446839648336e-05
SMGC_506	4.90350280354072e-06	0	0	0.000164276742980209	5.0658576341054e-05	0.000569425865451224	0	1.09728930380818e-05	0	0.000789473778913628	0	0	8.41581436188951e-07	1.26958171372999e-05	0	0	0	2.46875730467601e-05	3.04384837138025e-05	0.000329344888560863	0.000332444606476221	0.0420908468290928	4.293457095222e-06	9.11478252957829e-07	0	0	4.03466494733124e-06	0	0	0	0	0	0	0	0	0	0.00153105956481077	0	0	0	0	0	0	2.44775355048013e-06	0	0	0	0	0	0	2.46283149537363e-06
SMGC_507	2.55628366777566e-06	0	3.32013036921729e-06	7.29509851616465e-06	0	0	0	7.15529933690033e-05	4.77491359674548e-05	0.000290029103151843	0	0.00072215223282645	4.88026300758912e-06	4.67770335739783e-06	0	0.00014275068920797	0	8.30088526155924e-06	0	4.74390395360433e-05	0	0	0	7.40261887843124e-07	0	1.4851924434252e-05	0	8.2321103029216e-06	0.000416910634175661	0	6.1271630035329e-06	0	4.11466976424744e-05	0	0	0	0.000233742143141112	5.34558939807705e-05	0	0	0	0	0	0	0	2.9172564593401e-05	0	0	6.86014117711466e-06	9.68480193460522e-06	1.33445256851433e-05
SMGC_51	2.61342026443149e-05	0.000123514838574434	3.05642014444771e-05	0	0	0	0	7.58909404442503e-06	1.09421618092252e-05	0.000773936717793374	0.000807864119214258	0	2.05994273658559e-05	0.000123193453223148	0.000903212086473346	0.000406367725202638	0.00027262801752279	1.18504303175913e-05	3.71754868803948e-05	0.00201123276399374	0.000907523384984117	0.00211379663245205	0	0	0	0.00032061262118773	9.14304590148809e-05	1.12215773179978e-05	0.0115567663003397	0.000437046006589403	0	0	0	0.0153314369958964	0	0.000563295488907387	0	0.000460892035649084	9.84690025169609e-06	0	1.56452591883336e-06	1.64648680228763e-06	0.000136192098776817	0	0	0	0	2.71424826160853e-05	3.59587193318612e-05	6.96204966622095e-06	1.246674765724e-05
SMGC_512	1.29257669122983e-05	0	0	0	0	0.00318833126540097	0.000246284427544191	0	1.33459366340459e-06	0.000321906237669579	0	0	4.35009328527028e-06	8.00542683447364e-06	0.00157794488483215	0.000374920015042408	0	9.08071191989235e-07	2.44162960423631e-06	0	0	0	0	0	0	0	7.26493842728242e-06	0	0	0	0	0	0	0	4.11906690026402e-05	0.000204790567911766	0.00208911487870824	0	0	0	0	0.000325066381632292	0	2.18319886263033e-06	1.4984057243489e-06	0	0	1.18212870060291e-05	0	1.5939296226361e-05	8.8122871971434e-06
SMGC_515	3.2200977835294e-05	0	0	5.39775377160434e-05	0	3.88610837242243e-05	0	1.19659687847761e-05	0	0	0	0	0.00011616696810573	3.19092500927363e-05	0.00129528608978357	0	0	3.4549229844113e-06	0	0.000526384407063735	0.000443910087140395	0.000340232261516325	0	0	0	0	0.000171164703092893	0	0	0	0.000381010898247208	0	0	5.81451826274876e-05	0.000106367629246395	0	0.000742415235795573	0	0	0	9.08645727891559e-06	0.000195625217381922	0.00039674588911303	1.0157600823046e-05	7.0504250634493e-06	0	3.73231855389806e-05	0	4.35537115391222e-06	0	4.43657690304723e-06
SMGC_523	1.10570700113606e-06	5.94089860535792e-06	9.25035603626632e-05	3.21191072433602e-08	0	3.22761267754348e-05	0	5.7599038659825e-05	4.16666060878612e-06	0.000696927634314112	0	0.000216459500777273	1.2296488980923e-05	5.93915382066922e-05	0.00103959423304252	0.000186407421901699	0	1.48139314779555e-06	0	0.000179574940204186	4.77572589341598e-05	0.000173017903476607	0	0	0	9.65849288750631e-05	8.05425268332554e-06	0	0.00554236866456286	0.000676886850101089	4.81042329157307e-06	0	0	0.00369054800253008	0	0	0	0	0	3.06817582608109e-06	0	0	0.000594299842525361	3.39860607718326e-06	6.45367331703897e-07	2.94023684545781e-07	0	0	0	0.000138485370915626	3.244323440677e-05
SMGC_528	3.10365555433331e-06	0	0	2.77839202070031e-06	0	0	0.000844973254379736	4.74484455785363e-06	5.64469580777575e-05	0.000992410866042159	0	0.00367324898945322	8.2203740157615e-06	2.90175186622201e-06	7.95202296724152e-05	0.000256146791313728	0	4.09776698012461e-06	0	0.00200180684694173	0.00156239309390394	0.000949777759814681	1.69216115385271e-05	0	0	4.79889066152682e-06	0	0	0	0	0	0	0	0	0	0	0.00200353631525097	0	0	0.000193488703325211	0.000267007331381269	0.00156068654500283	0.00656339839646433	1.04109347318277e-05	3.64972436457618e-05	0.000127451163164692	8.01705314693942e-05	1.19307932107671e-05	0	1.76156707091636e-05	1.77713800990486e-06
SMGC_53	0	0	3.76795994217178e-05	0	0	0.00353545108663937	0	1.00731642409296e-05	2.88751808357718e-05	0	0	0	0	2.44982304453801e-05	0	0	0	0	0	0	0	0	0	0	0	0	8.21644000572417e-05	0	0	0	0.00104160311093287	0	0.000279998621289167	0	7.86961693636096e-05	0	0.00542823952088735	0	0	6.17385516946645e-05	0	0.00289943294114232	0.00244857013815925	4.77130903512871e-06	0	0	0	0	0	0	1.96251613578342e-06
SMGC_531	1.26154564227618e-05	0	1.48879667702723e-05	6.46199553646404e-05	5.01269074334498e-05	0.00123255554255378	0.000281650380953528	0.000237688118000823	0.000107570677839048	0	0.0256194824044518	0.000879131550720849	0	1.3501184107185e-05	2.35422583460442e-05	0.000147829294360217	2.37016758057986e-07	1.36459797753105e-05	0	0.000252559743262116	0	0.000282507534081929	4.5817050383901e-05	0	0	0.00785643977726983	3.87239584550389e-06	0	0	0	0	0	0	0	0	0.000128071325589798	0.00055789303764332	0.0174765986924051	0	7.53083836371614e-05	0.000235295252137142	0.00101754684280782	0.0219939272994024	2.79790415222932e-06	0	1.20232887589301e-05	0	3.65207588271247e-05	1.70597294437078e-05	9.3086287407655e-05	3.11664312079323e-05
SMGC_538	0	1.22901204909118e-05	5.49460707837586e-05	5.14682950005346e-05	0	0.00210503127547029	0.00304563432291241	9.60876137335465e-07	1.14355814425533e-06	0.000952841803035241	0	0	0	3.81326511152337e-05	0.0012264043507988	0.000427170878203655	0	0	1.48750858137622e-05	0.000258704583071234	0.00392008652448115	0	0	2.58530363199266e-07	0	0	4.4473357157592e-05	0	0	0	0	0	0.000918644332527527	0.0443752734018915	0	0	0.000845607943733508	0	0	0	0	0	0	0	0	0.000232265238716122	0	1.55733963528793e-06	0	3.58957724934592e-05	5.49686127949393e-05
SMGC_539	3.08754269937485e-05	4.60417807155705e-05	0	2.82829273093286e-05	0	0.00546395305991832	0	1.45122220753888e-05	8.31516106577667e-06	0	0	0	5.09074436651356e-05	0	0	0	0	7.65477099522752e-06	0	0	0	0	0	0	0	0	1.62447774831907e-05	0	0	0	0	0	0	0	0	0	0.000581804571027532	5.54913894964223e-05	0	7.9674205624373e-07	0	0	0	0	1.39052930798146e-06	0	6.8574154748101e-06	4.60294184826844e-05	2.56129828840155e-06	0	0.000137798608663059
SMGC_540	5.47588669772558e-05	6.68087358990182e-06	1.31802212882923e-05	9.61932123276072e-05	0	0.000947815136593105	0	3.41951182136475e-06	4.17958695081611e-06	0	8.2503114775298e-05	0.000593871406785553	5.61085540145799e-05	0	0	0	0	5.62279429381641e-06	1.44702176874655e-06	0.000185727854020469	0	7.78486505728366e-05	0	0	0	0	3.46995851523455e-05	0	0	0	0.000100153100640783	0	8.14068582796762e-06	0.000122530662256897	0	0	0.000488315536388917	0	0	4.07899961051308e-06	0	0.000163906777553656	0	3.59159709942618e-06	4.39258047297277e-06	0	0	1.21044695743322e-05	6.32977374513649e-06	0	3.96057274954706e-05
SMGC_541	0.000112710747989322	0	1.58728431425134e-05	4.57263870846716e-05	0	0.000479471768752363	0	1.02918364559914e-05	1.00204660450451e-05	0	0	0	0	1.40519383343429e-06	0.00026068389785712	1.7461093387595e-05	0	1.56991828316274e-05	1.82929662023234e-06	0.000303028692620472	4.90799978063621e-05	0.000555785183170396	0	0	0	0	0.000133214166060064	0	0	0	1.09415073555083e-05	0	0	0	0.00014736983111607	0	0.00119992958564265	0	0	7.25113528748364e-06	0	0.000244580764841458	0	6.10724370656695e-06	7.98311247684211e-06	0	0	0	0	0	4.76745174906045e-05
SMGC_544	2.91187199873946e-06	1.35757965579079e-05	0	2.38253218809016e-05	0	0.00119762955954475	0	5.12401077852635e-06	5.07932752621955e-06	0	0	0	5.54930470063897e-05	0	0	0	0	1.61883723964231e-05	1.73887213543783e-06	0.00109111149837674	0	0.000243469474931399	0	4.68892142584938e-06	0	0	2.21796078110041e-05	0	0	0	5.0651229740838e-05	0	0	0	5.07929453326416e-06	0	1.07568139242425e-05	0	0	4.57533766674661e-06	2.7511791460965e-06	0	6.38332548745743e-05	0	3.22045571025397e-07	0	0	1.93871152117033e-07	1.75201367571988e-06	0	2.01219906189862e-05
SMGC_545	1.81637426788726e-05	3.94017924372588e-05	0	5.8861055544373e-06	0	0.000465291275324484	0	0.000402370043861735	0	0	0	0	4.31313412925015e-06	2.60588658925347e-05	0	0.000415753049347791	0	1.1724808915346e-05	0	0	0	0	0.017130720898529	0.000360907259406268	0.207612180873196	0.0334522600567781	0	0	0	0	0	0	0	0	0	0	0.0159935796028946	0	0	0	0	0	0	1.13692598907035e-05	2.42536515631921e-05	0	0	0	0	6.22544052264788e-05	5.80552877697514e-06
SMGC_55	5.66855016915022e-05	8.81964655946682e-06	1.93074997737398e-05	6.19297824807975e-05	0	0.000805630484914739	0	1.75228111407843e-05	4.01456582788237e-06	0	0	0	0	3.02132675827105e-05	0.00110276524530904	0	0	0	0	0.000361703285659632	0	0	0	1.41537567729716e-06	0	0	0.000138675482315096	0	0	0	0	0	4.31174641177872e-05	0	0.00020611674517156	0	0.00114126068322374	0	0	0	0	0.000170884037702243	0	5.52693804749524e-06	1.02581483896103e-06	0	0	3.81484677684837e-06	0	4.12238360998128e-06	2.09537735667733e-05
SMGC_56	3.02531388069807e-05	6.70642772452774e-05	1.12621981446676e-05	1.10994635790678e-05	2.45153113760702e-05	0.000490264219416749	0	4.83030148652733e-05	3.93179234221851e-05	0	0.00671962851329484	0.00044136477466749	4.59655654938184e-05	9.36391200739834e-05	0	0	0	3.70936323285651e-06	2.30999462287193e-05	0.00383199286388881	0.002148104729048	0.00490832541543131	6.9388180259266e-05	3.76150450758497e-06	0	0	2.68474534532221e-05	3.13887208645866e-05	0.00207266889515993	8.698339072741e-05	5.44289379744025e-05	0.00011740705844038	0	0	0	0	0.0010859366547585	0.00376286209997435	0.00020290968078644	0	2.80100260695447e-05	0.00100939604021603	0.00331664893799117	1.44768358314154e-05	3.13784099814773e-05	0	0	3.41569798150025e-05	2.92596813362862e-05	2.87529933209216e-05	2.79993461210408e-05
SMGC_573	2.21786192645622e-05	6.33079707406906e-06	0	7.99689963312114e-06	0	0.00209405361643363	0	8.30688067536337e-06	1.58924999049377e-06	0	0	0	0.000421806913927911	0	0	0.000109178704743388	0	1.63923435956046e-05	5.46478912987538e-06	0	0	0	0	8.01220151348404e-06	0	0	0	0	0	5.04754799251578e-05	2.71725566417401e-05	0	0	0	0	0	0.00150704701151085	0	0	3.79487913184788e-06	0	0	0.000619530613048819	1.87403043449511e-06	8.51563277357675e-06	0	2.88104186193441e-05	0	0	0	8.62400611160351e-06
SMGC_590	1.93451714002787e-05	3.85653269909496e-05	0	5.31021265193469e-06	0	0.000266324908984923	0	0	3.93779928457533e-06	0.00115800643623584	0	0	0	0	0	0.000121783004820219	0	0.00090217684014411	1.41140614941752e-05	0.0516901522055239	0.0794998881127447	0.0494353913904908	4.21627906700554e-05	0	0	0	4.20737397662539e-06	0	0	0	0	0	0	0	0	0	0.00742013063706021	0	0	0.000210200448831859	0.000274631398019228	0.00254547505523123	0.00604577290561153	0	2.08715135281843e-06	0	0	1.36908523001681e-05	0	6.22315088684883e-06	6.04760133305515e-05
SMGC_601	4.31320870169671e-05	1.73463653333596e-05	1.41337230884935e-05	2.33446253541654e-05	5.43740498049154e-05	0.000651621606014243	0	0.000138408866516283	6.5792767385077e-05	0	0.0186691526880738	0	1.85796321595274e-05	4.8333506181348e-05	3.81394054755308e-05	3.71628819241923e-06	0.000107027849352212	1.03120251061661e-05	1.12694123841506e-05	2.7559254725493e-05	0.000289024443341392	0.000124966904238898	8.04032620706099e-06	0	0	0.00119482185923416	2.06365112636041e-05	5.14524434321081e-05	0	0	0.000111451321612853	5.11222634539866e-05	0	0	1.52106614820165e-06	0	0.000169043314854744	0.00231674128458753	0.000638331137607871	1.82060661127179e-05	8.6648730696287e-05	0	0.000739215176274254	1.17083009644802e-05	8.10242870299805e-05	0	0	4.94720382388788e-05	1.81356223164493e-05	7.9269129426001e-07	3.04467673078586e-05
SMGC_611	2.95795556333614e-06	0	3.42139944119138e-06	6.0612811113091e-06	0	0.000152731519888933	1.16381580287288e-05	1.4547697535911e-06	0	0.00228086168628925	0	4.20725066608227e-05	0	0.000126544593600421	0.00683173388737658	0.000175645579262026	0.000631625841876356	0	0	1.36885910709652e-05	3.8259730391231e-05	4.03360897556738e-05	0	3.86669290480985e-06	0	7.1587878914138e-05	0	0	0	0.000242947205174859	0	0	0.00024385719773035	0.000252326492032558	0.000204435410576636	0	0.000733203955809914	0	0	1.78528891121161e-06	0	0.000107789283789006	0	0	0	1.51804313564966e-05	0	0	0	1.4547697535911e-06	1.4547697535911e-06
SMGC_617	1.86751126873464e-06	9.4289382237657e-07	1.36918462989314e-06	0	0	0.000159877234694663	0	8.80751544229343e-07	1.07064609157455e-06	8.33065684240556e-05	0	0	0	0	0	2.54465741553152e-05	0	0.0026112366367074	0.000374462771252428	0.00990774530141769	0.00126540626827556	0.00758308776688974	0	1.09002644600761e-06	0	0	1.45459948446335e-06	0	0	0	0	0	2.42982673447939e-05	0	0	0	0.000363092585886133	0	0	0	0	0	0	4.28212331831808e-08	4.83815985826367e-06	0	0	0	0	1.27462518988763e-07	1.83694369308345e-06
SMGC_619	3.6233964087223e-05	0	4.36609508214759e-05	3.52005613480383e-05	0	0	0	1.08660804582904e-05	2.03335550074777e-05	0	6.80440550386574e-06	0.000359947592535359	3.98193203364038e-05	7.96316049877365e-05	0.000331192342573353	0.00118404151109922	0	8.28316237038855e-06	0	0.00025397059818844	2.89850025934825e-05	0.00017348552901298	8.61241034205435e-06	0	0	0	0	4.973081347631e-05	0	0	0.000132803540836718	0	9.11569025536718e-05	0	0.000291898130029881	0	0	0	0	0.000110140641537122	0.000122626139677672	0.00105582379884943	0.0144511197235247	1.27964132109804e-07	3.40578117951904e-05	0	0	1.44186084891453e-05	0	6.61757276794601e-05	9.7752314391682e-06
SMGC_62	1.32629199111206e-05	0	5.30964876264959e-06	1.91232943001756e-06	0	0	7.04027336687798e-06	8.44721472155423e-07	0	0.0010402923425275	0	0	2.60365653663994e-06	0	0.000711539412861416	4.60966866864461e-05	0.00039973530559487	5.2865031598965e-05	2.46528330233735e-05	0.00135564562115851	0.00330742053697906	0.00197613139661991	0	0	0	0	1.90198880033447e-06	0	0	0	6.07932797619727e-07	0	0	0	0	0	0.00135673914324044	0	0	0	0	8.16013619998626e-05	0	0	6.78549172121373e-06	0	0	4.61447063277519e-06	0	3.69402864393486e-05	3.83886806247477e-06
SMGC_622	5.72382196812969e-05	0	7.66512098754008e-05	2.29699916689163e-06	0	0	0.00212850551542537	0	0	0.00152886717515813	0	0.000229127315435523	0	1.72521985906599e-06	0.00190307930192813	4.10325584686057e-05	0.000467193890358915	1.13710524270868e-07	0	6.46656712205956e-05	0.000494450213524466	0	0	0	0	0	1.34329705842709e-05	8.51803698995883e-07	0	0	0	0	0	0.011669552112915	0	0	0.000269301152905802	0	0	0	0	0.000485876783357052	0.00723832557733828	1.53376788355449e-05	5.00554817808114e-05	0	0	0	1.32729748983468e-06	7.42864075487472e-06	0.00028471329111186
SMGC_66	1.75943480495616e-05	4.80685921530628e-05	1.08545022108457e-06	8.29664189048109e-05	0	0.000602608434287404	0	0	0	1.23056265902209e-05	0	0	6.76552927398649e-06	1.63190184373089e-05	0	0.00019854427084448	0	0.00307870607893381	2.71216504103118e-05	0.0156005321761796	0.00567511903478396	0.0115140736183387	0.00167420112474054	6.03668551843764e-05	0.0209343396217377	0.00909534555154676	1.51162117399382e-07	0	0	0	4.7225538722264e-06	0	0	0	0	0	0.0106802631097578	0	0	0	0	0	0	4.53421110313199e-06	6.29725557602262e-06	0	0	3.28127550996975e-05	0	2.51614200066678e-05	1.50001292520386e-05
SMGC_7	1.27194932322062e-05	1.51123689588917e-05	3.94117442903e-05	5.55957957184106e-06	0	0	0.000215474258781504	3.98663758193002e-05	5.07985446288189e-05	0	0.00513457322421355	0	4.81865763260723e-06	1.6646538939058e-05	0	0.000117954753010058	0	3.63356349158876e-06	5.32696619275559e-06	0.00028776726823589	0.000187207342831892	0.000476469980850876	7.17897645836729e-05	1.73177524948783e-05	0	0	0	0	0.000170075676191569	0	0	0	0	0	7.84728224401335e-06	7.20668680960472e-06	0.000399061932510215	0.000204015591395404	0	0	2.5469549957861e-05	0	0.00213604748116365	3.8706864452331e-06	0	0	0	8.09579433718519e-06	0	3.40782481881568e-05	1.09798250348537e-05
SMGC_70	9.70480697323815e-05	0.000505519748579206	0.00019724833655309	0	0	0	0	2.66470685441867e-05	2.07597141224291e-05	0	0	0	0	0.000310706531883178	0.000547033883665592	6.00683998891448e-05	0.000200557986000265	0.000130946097111617	0.00011421703315467	0.000213249017321666	3.1496365394459e-05	0	2.97630530853427e-05	0	0.00035483870810901	0.00011567156602993	0.000121873856954801	0.00030018552700845	0	0	0	1.17451751110556e-05	5.25972942500024e-06	0.000521275016193553	1.93311815588937e-05	3.75709471855959e-05	0.000553686827514929	0.000692024321486608	0	5.07914894238381e-05	0.000116152126658424	0.000469210904173262	0.0140118804565883	0	0	0	0	8.80136353397731e-05	0.000158944333443698	4.13950600477476e-05	0.000118830608728446
SMGC_75	7.31070657153227e-06	2.2689402972799e-05	1.4069249767031e-05	8.41543798978236e-06	0	0.000473717917847816	0	5.77089584041541e-05	1.8453248267148e-05	0	0.0109202232787481	0.000184065506949474	8.56124214451381e-05	2.16977086572295e-05	0	0	1.43088595540037e-06	2.00802978711027e-05	3.68184685586725e-06	0.00458405082869739	0.00243727865514178	0.00621992281859438	0	0	0	0	2.77521289773164e-05	0	0.00155722805702548	0	0	0	0	0.000426768915673658	0	0	0.00140756034067471	0.00619986637198292	0	2.28795585053268e-06	1.79207004191865e-05	0.000415113031171183	0.00139910924493852	1.013993771117e-05	3.07275518568738e-06	0	0	0	0	2.53235331269657e-05	2.62753784443299e-05
SMGC_76	3.0944936852417e-05	0.000140142965515008	0	2.67350654981566e-05	0	0.00488757264965665	0	0.000121039805417222	0.000105178057766847	0	0.0428527470580062	0	0.00031371249623298	0	0	0	0.00122590132234066	3.84540802796035e-05	2.84783327818306e-05	0.00855694053959136	0.00454164527172487	0.0101798948043061	0	7.83308554813427e-06	0.00361382302684799	0	0.000108602696901101	0	0	0	0	0	0	0	0	0	0.0584581445111346	0.0280071858888841	0.00866805790250846	0	0	0	0	5.93299317365489e-06	9.42095681091479e-06	0	0	0	0	0	0.000262845576928437
SMGC_77	0.000217211936443581	0.000199805467395808	0.000249917800390161	0	8.89464337390782e-06	0.00183566475877084	0.000805901719182094	8.0690112148331e-05	2.49002208261048e-05	0	0.00995625588039037	0.00117891955150753	0	0.000396797537727203	0.00145745593836222	0.000292710243252478	3.83582008815168e-06	0.000102508879594567	0.000137267934889536	0.00122048846807129	0.00797345459599945	0.00208084717375405	1.00692749508527e-05	0	0.000438731443117453	0.000561747095639897	0.000114849171474545	6.76654387265536e-05	0.00761615233018656	0	0	8.0033683115141e-05	4.08296470329157e-05	0.0100266770663918	0.000118112743620244	0.000257022237424332	0.000495527300960898	0.00189196217369598	0.000555394693392738	0	0	0	0.00223184551478414	0	0	0	0	0.000123482757752203	0.000132284952880239	0.000133190072121363	0.000168367242271026
SMGC_79	1.55700543833539e-05	0	6.58807870957802e-05	5.05647675178806e-05	6.8308014317136e-05	0.000675154112488186	1.04738210212074e-05	4.01739456868599e-05	6.42050874105745e-06	0	9.7121980555552e-05	0	2.45984092425979e-06	0	0	2.30994946977727e-05	0	7.7532844112868e-05	3.17903586520313e-06	0.00243613325810952	0.000733245923098655	0.0026822464141326	0	0	0	0	1.36763329434966e-06	0	0	0	2.8496105925447e-06	0	0	0	0	0	0.00203946899207061	0.00067540005619478	0	0	0	0.00063040214550109	0.0089695825287075	2.04347382163634e-06	0	0	0	2.03855293030421e-05	0	0	1.41276990770923e-05
SMGC_84	8.8216880071615e-05	0	7.92747988059451e-05	1.19156467116899e-05	0	0.000618442464908697	0	9.17900095902429e-05	2.73625381059412e-05	0.00152434001425314	0	0.000275573391850972	0.00010937659046003	1.67157033112579e-05	0.00120957779503163	8.08067297675357e-05	0.000275273853633561	0.000409196646409717	0	0.000183207804159218	0.000235535178065738	0.000535341694859795	0	0	0	0	1.65083296540641e-05	0	0	0	0.000181863221252135	0	5.55965404200945e-05	0	6.03892101208544e-05	0.000426273431832459	0.0153861447308774	0	0	3.32919517870319e-05	0	0	0	0.000121961029679026	0.00029149878537819	0.000201966045255878	0.000795542373428543	0.000124299541530754	1.59964556610165e-05	0.000148196952078931	4.66295062894819e-05
SMGC_85	2.20470868406909e-05	1.22427905376744e-05	1.17852101444166e-05	2.10552075158578e-05	0	0.000388300196365973	8.47409623158024e-05	0.000103298989450833	5.85787758169281e-05	0	0.0178471213519762	0.000221686110621211	0	8.03261108382845e-06	0	1.56616890187989e-05	0	2.75419162906158e-05	0	0.00019741185246072	8.67492666245029e-05	0.000103472818971291	0	0	0	0.000914174492838748	2.92667939356279e-05	0	0	0	0	0	0	1.63458499537216e-05	0	0	0.000803799910859181	0.00168793754717519	0	4.93207831238312e-06	0	0	0.000222960561336992	3.32165598886128e-06	1.98941296433351e-05	0	0	2.19288057077794e-05	4.40537275691776e-06	2.5207105626229e-05	2.77299166610395e-05
SMGC_88	4.61083240649621e-06	0	1.5982726449814e-05	1.08674004355565e-05	5.65906584126485e-06	2.58401007731249e-05	0.000143739169190739	5.52272004106262e-05	1.49537836106973e-05	0	0.00311861143909068	9.34259010029661e-06	1.44581971606657e-05	5.03133723228066e-05	0.000383211221263743	0.000465672202291169	0	8.44591829085069e-05	8.11362941504088e-06	0.000323155484003926	0.000133711253163535	0.000182007932809704	0	0	0	0.000364907573738827	1.77382636189038e-05	0	0.000783763428140581	0	0	0	0	0.00033708347178066	6.78288345447145e-05	0	0.000721619767759744	0.0160162460996763	0	0.00017893106913232	9.13028898906694e-05	0.000821539802629397	0.0118717107727744	1.27461071703263e-05	2.34912866229383e-05	2.46874522695548e-05	1.49298300598091e-05	2.272651103123e-05	0	4.96086600168068e-05	3.57053196193799e-05
SMGC_90	0.000218262487858081	9.63622198455201e-05	0.000279292623643259	0.00016286445204204	6.58128267800853e-05	0.00295659273598019	0.0002367494077176	0.000930205435925899	0.000392369645866266	0	0.045847579284491	0	0.000152812770955045	0.000131445314408958	0.000948581875281474	0.000190675501790957	0	0.00107238343398095	1.84509792107083e-05	0.00148753657600012	0.0014856846304217	0.00104569219742524	0	0	0	0.00276666222863563	7.70391673008076e-05	0	0.00102941188395116	0	8.59267076502686e-05	0	6.64475381310747e-05	0.000151410487572918	8.89230766916846e-05	0	0.00380815878384318	0.143179663077539	0.023995888174832	0.000244113878179814	0.00047666287225074	0.0042076832226368	0.0291922151776509	1.34635520959627e-05	8.83758980614286e-05	0	0	0.000192453276219345	8.18120606646136e-05	0.00101369265744498	0.000261727900157591
SMGC_92	0.000158135730308208	6.86577881109142e-05	0.000294539240227394	7.68319122736175e-05	0	0.00157430750048522	9.31740672199322e-05	0.000523777240714976	0.000139923531548549	0	0.013580178396735	0	4.58197097862883e-05	8.0530627846725e-05	0	0.000213303939379132	0	0.000513285758565516	3.06262281769982e-06	0.00109812261620666	0.00109685058245394	0.000863167650753505	0	0	0	0.00043442074931156	9.17876573349436e-05	0	0	0	6.36809430264975e-05	0	0.000150141134395351	6.0199541865937e-05	0	0	0.00313454941388083	0.0610110628988228	0	7.03896536954152e-05	0.000204177746432841	0.0026750734954225	0.015157136165373	6.92165598578767e-07	2.87296340675046e-05	0	0	0.000166462559346681	4.47204038990548e-05	0.00210701338770858	0.000199813076324847
SMGC_94	5.39817214013917e-05	2.60067226647946e-05	3.17790581502082e-05	0	5.46387552944231e-05	0.000597899384433164	0	0.000116518476247606	1.55612184789491e-05	0	0.00696888418801941	0.00364316151214047	0	3.1375525109863e-05	0.000187905388373829	0	0	5.62866269923606e-06	0	0.000110791685749586	2.67868436307484e-05	0	0	0	0	0	3.57747472360168e-05	0	0	0	0	0	0	4.32717326979589e-05	0	0	0.000322162845700747	0.00145902446937848	0	0	2.11761689837931e-05	0.000289498190354467	0.00284551832584604	0	0	0	0	0	0	0	1.00620869767526e-05
SMGC_96	2.87615162848857e-05	6.19466608781224e-07	2.41126354186665e-05	0.00013095337888536	7.76076781254586e-05	0.000590148037018146	0	0	3.99038292145987e-06	0.00104421121445152	0	0	0.000167574822181592	1.6904921205127e-05	0	6.00032342844616e-05	0.000308840111199237	0.00144534569493304	7.78924541404216e-06	0.00394585041286143	0.000605897223365206	0.00292165092977514	1.9751257260632e-05	1.20784688827043e-05	0.000475085974797668	0.000475857092541595	0	0	0	0	0	0	0	0	0	0	0.00129635733374831	0	0	1.1599175897011e-05	2.69950226710822e-05	0.000165099105564251	0.00042421640371147	1.48993838527173e-05	3.09364449747875e-05	0	0	4.18360028325483e-05	0	4.52505243280665e-05	2.94086705280175e-05
SMGC_97	1.01636537422345e-05	0	5.03945326972171e-06	2.26042469169123e-05	0	0.00248369254933011	0	6.24094262003401e-07	9.26073083992169e-06	0	0	0	0	3.81170811109481e-05	0	4.92622954590441e-05	0	0.00520944438786311	0.00012657797935755	0.0278912392808321	0.0224342500111074	0.027688775749132	7.87111917792994e-05	2.40215173161902e-06	0	0	5.49640004133907e-06	0	0	0	0	0	0	0	0	0	0.0042410402114709	0	0	0.000353418769921154	0.00111500238316707	0.00933689337760637	0.021940117550287	3.57699651317402e-06	3.90556477316194e-05	7.22173007513508e-06	0	1.99048995358557e-06	0	0	3.34469274184758e-05
