#OTU ID	1-FH	1-UB	1-Abd	2-FH	2-UB	2-AC	2-PC	2-FA	3-FH	3-UB	3-AC	3-PC	3-FA	3-Abd	4-FH	4-UB	4-AC	4-PC	4-FA	4-Abd	5-FH	5-UB	5-AC	5-PC	5-FA	5-Abd	6-FH	6-UB	6-AC	6-PC	6-FA	6-Abd	7-FH	7-UB	7-AC	7-PC	7-FA	7-Abd	8-FH	8-UB	8-AC	8-PC	8-FA	8-Abd	9-FH	9-UB	9-AC	9-PC	9-FA	9-Abd	10-FH	10-UB	10-AC	10-PC	10-FA	10-Abd	11-FH	11-UB	11-AC	11-PC	11-FA	11-Abd	12-FH	12-UB	12-AC	12-Abd
SMGC_103	275	180	567	42	162	646	1877	539	49	22	2003	556	1199	506	259	101	3158	614	6266	19452	251	91	2289	11862	8160	60526	3227	42	4322	2344	5490	1764	81	189	949	3551	1855	2752	1444	6048	3558	94746	8896	10823	2012	150	1925	2272	3961	3031	107	106	116	1365	88	182	1649	310	57	21289	2095	371	1841	114	691	514
SMGC_121	733	64	48	113	518	1052	172	852	32	26	2393	1559	414	306	1087	58	3720	746	3921	8456	184	108	1678	4587	4735	6317	828	40	1556	1509	3305	1033	1496	370	3216	3080	4672	2939	12106	6427	1046	2180	7921	11647	6758	390	2249	995	1140	758	1683	315	1689	2022	822	1956	26	100	16	120	160	24	750	46	293	102
SMGC_122	264	151	437	119	428	2352	1186	2653	480	116	1690	52326	18934	15169	298	134	4006	1146	5378	32747	1146	57	2764	10722	5085	11104	961	46	5785	11394	3930	4552	154	92	1515	7817	3964	3632	401	1291	608	5453	2014	1583	7900	346	58368	73709	61455	79300	1124	604	4697	18740	2554	10268	28	41	24	2020	459	82	1010	90	6443	351
SMGC_123	26	16	106	10	37	299	3200	204	10	6	406	747	104	136	26	75	1728	468	2359	8502	10	20	936	4702	1895	12090	14	0	21	98	52	46	8	4	146	2716	535	98	744	2732	1324	70589	4821	6313	366	20	139	562	198	216	14	16	0	181	40	0	11	54	8	11347	396	119	146	12	78	87
SMGC_134	68	18	25	14	134	2398	56	4886	44	255	1155	92918	10169	18432	136	26	3158	426	3585	5243	0	10	181	338	278	795	176	32	2876	1563	4348	1217	180	155	1092	2479	2738	1498	1442	3246	1629	4086	4526	2243	2410	6	60	131	8210	224	408	986	1931	832	696	2624	12	36	30	230	168	61	44	10	62	12
SMGC_143	111576	2187054	202980	58770	166376	28085	2485	45184	6765	10000	88837	44307	42742	58787	81232	666647	304423	10657	236074	575896	29289	12533	308906	45504	164243	218509	66222	20528	53155	11968	36180	11745	11348	258675	80044	37599	87765	114483	116616	94948	14127	20462	62290	47353	57486	8474	18741	14564	17467	16797	175793	839217	830155	31849	12466	38824	373850	449973	1076	4013	15133	5559	172887	2739642	277914	65178
SMGC_147	178	46	54	309	476	2421	112	2351	16	10	4517	578	490	514	2244	33	5019	519	4402	10839	88	36	1976	830	9748	2877	878	31	2137	1578	4172	1473	582	212	11095	2203	8692	10744	3084	2184	557	1077	2702	2750	692	4	2190	322	1516	4887	54	54	614	354	444	421	28	22	32	86	396	72	42	8	113	31
SMGC_159	212	294	82	129	2121	15867	1801	16933	213	383	10116	49007	6598	29432	508	163	24911	4841	14275	48970	430	339	21844	39719	32635	78361	63242	3420	638147	376042	223510	769051	36	144	1415	3633	2412	4174	910	5786	5958	5942	8445	3026	23773	2188	188417	354779	121563	104644	1376	2453	25832	166049	6191	21620	506	738	376	4433	7339	3323	283	246	766	157
SMGC_163	169	28	84	346	474	1970	428	2224	44	6	3384	737	456	487	1443	53	3798	448	3297	9048	102	36	1920	992	6753	2654	689	26	1887	1279	2950	1015	474	170	7679	1705	7551	8285	2367	2002	478	2526	2394	2265	469	18	1537	446	1469	2017	202	60	980	877	584	846	16	26	10	272	312	33	74	11	98	45
SMGC_170	7662	8223	6660	5977	7195	3701	605	6235	3630	7325	12152	72861	19122	82565	7032	7596	46425	1465	12688	31930	6410	3997	34760	38571	29429	72784	11146	978	39839	20956	20107	39376	6883	9231	9837	5967	12924	20172	23776	12047	2352	3796	7185	4894	8384	10825	11851	20349	11823	8344	7394	10515	9139	39336	7131	19950	5276	6179	528	1983	4263	2204	6925	3538	5826	4486
SMGC_182	212	343	247	14	164	793	154	521	19	11	124	6604	808	1743	71	30	1415	317	1314	6349	284	857	70227	28211	333253	517480	281	22	4732	3122	2027	1331	20	18	405	1919	732	1687	55	350	135	1788	429	261	358	39	3459	4371	2631	3335	110	546	4334	4483	3282	3861	22	52	10	252	480	90	195	59	1125	253
SMGC_184	8532	13556	4874	4565	30249	17168	899	37890	927	732	19301	7744	8921	6595	29445	7566	30074	2588	28952	66179	3125	4672	59536	24020	145915	143530	28283	1559	44303	16276	43973	24145	3760	16399	16232	7661	21996	26268	46252	15758	2844	4696	11253	9251	7770	13853	13625	14129	11507	9722	14717	23813	6853	16531	3412	7150	10589	11389	237	790	3496	2611	8247	6434	1413	2588
SMGC_19	53	55	71	40	141	908	342	846	929	40	6019	6847	8119	8531	2687	1145	15732	2981	23134	402466	62	18	1805	1878	3942	4134	187	14	1374	773	509	1171	138	60	791	856	1230	3245	650	3629	675	1053	4152	1771	1624	18	536	1072	497	394	57	158	383	1041	111	714	53	134	18	144	287	97	284	222	102	45
SMGC_20	17381	529	134	3583	11086	4630	705	5439	3362	312	6389	61562	6186	21238	2563	250	25084	28636	16903	31277	1524	774	3132	12068	11259	8049	25567	262	18201	7021	23123	4799	9496	1647	5774	7160	11070	5432	93486	31811	2126	4751	7250	6301	2616	238	9875	12355	8686	9594	9572	1541	8895	7956	5077	4940	155	1860	261	2512	1707	411	15286	456	752	222
SMGC_200	197	34	74	417	536	2511	203	2095	26	18	5385	672	688	677	1940	40	4469	458	3907	10980	66	32	2071	723	8874	2595	990	32	2527	1883	4287	1552	541	245	10662	2190	8733	10900	3368	2534	660	1176	3084	3066	702	6	1686	387	1599	3232	41	56	1052	627	378	963	18	25	22	56	395	65	55	0	77	37
SMGC_203	256	648	382	70	120	86	2380	186	6	10	296	399	118	194	334	386	1798	226	1808	6438	60	168	317	733	540	1910	20	4	550	81	108	42	119	479	140	1773	414	512	945	1439	579	31815	2077	2700	126	542	235	306	240	150	183	339	0	336	0	140	155	255	10	4791	207	83	515	303	136	302
SMGC_204	80	42	202	37	144	201	14226	618	24	22	1704	1307	427	444	50	26	1094	416	2005	5509	6	15	384	3398	754	6121	30	0	184	114	147	48	34	6	282	3024	816	1043	735	2216	1101	51036	2911	4052	1246	2	596	254	571	430	16	10	270	238	88	0	34	126	24	28897	476	205	434	31	72	109
SMGC_209	50	87	68	78	1293	29203	25083	33719	18	40	5141	7041	922	2152	279	471	20279	3191	12398	49980	35	38	1502	4103	2785	8717	114	12	906	928	540	810	117	78	752	1805	1464	1542	454	5688	1396	3462	3358	2020	2837	353	613	3446	846	4162	261	605	2366	2736	663	1468	15	54	30	965	724	184	60	27	46	8
SMGC_212	220	110	301	22	131	2405	311	1224	114	50	1886	5476	3549	2124	105	42	1835	148	2446	10030	315	59	2738	2544	7388	9726	358	18	2658	2551	1501	1076	73	40	464	1051	645	1016	244	486	239	958	983	749	32450	35	2771	3330	3396	4306	425	1554	5899	3444	1045	3476	986	1973	744	3270	48870	2482	866	92	469	132
SMGC_213	31868	19959	13999	15088	17215	3641	599	5879	8512	13950	6221	13201	14502	25589	18437	18411	18153	1190	24315	62713	16013	14749	61862	15656	55354	73555	28574	2692	29043	8484	25454	7262	26752	33211	29939	15329	40339	60200	108157	30719	3690	4522	16183	13602	38590	41464	8925	6296	13598	10098	29861	46176	11411	13158	4758	13879	13879	18971	691	1466	16531	4021	24356	9413	9051	9120
SMGC_218	16668	18844	2020	3705	14715	32915	2771	24778	4579	591	126408	31862	173475	19979	42908	20756	321896	21658	508400	1587015	36179	20085	185300	150143	621692	498712	607075	8092	669168	294712	914637	295269	15279	47337	95859	130295	215821	110814	114966	488339	47632	65098	134613	91966	70183	42712	247502	148899	519318	377077	9828	8127	31061	49732	27134	81075	266776	19471	3563	16145	128753	17052	20036	9580	3588	1315
SMGC_219	404	68	98	993	559	1603	216	1063	270	967	1892	1754	1791	417	1968	290	8477	718	14514	22816	420	86	549	517	857	1282	918	1168	835	403	617	299	18885	1075	9384	3393	34090	10824	2121	2962	741	1181	2495	2115	43504	332	749	1165	728	699	2529	512	5821	3889	3493	7632	135	113	622	562	316	1225	568	59	185	48
SMGC_221	369	975	591	796	15121	122558	9545	122440	1571	2853	59137	434729	51877	260325	3722	1230	171777	38440	93918	365596	2856	2354	168502	310805	268213	628313	560105	30983	5694351	3146196	1920091	6942473	212	733	7966	28244	15892	27311	5935	41214	49363	42888	73113	19692	147808	17457	1694853	3197577	1096152	938427	8776	16197	130968	1289786	42381	163879	1972	5230	3246	38149	62601	29059	939	837	3519	912
SMGC_226	33591	85903	29584	19168	37940	8020	1741	15905	12522	14346	16866	34251	29203	45281	33042	40680	41022	3250	52279	154569	17114	15713	110952	34542	79248	128932	53873	4173	70868	14006	50361	14527	21925	65681	43050	28273	66624	78158	132544	43736	6117	17130	25207	22757	10842	58389	18570	21127	21197	16580	28535	53524	16779	11061	2835	8779	29618	38350	620	6544	7305	4809	33026	66112	19400	16625
SMGC_23	162	168	425	34	191	2158	1894	2660	10	6	395	588	222	228	48	53	1179	414	2214	7568	37	30	1341	5957	2827	6584	509	39	6591	14049	3465	3053	48	64	579	3878	1027	1478	354	1955	1127	67564	5083	4620	3508	141	2866	5267	6047	8937	64	115	150	1955	93	79	55	103	30	3321	704	132	227	65	628	218
SMGC_239	157	225	230	112	960	18221	7552	11768	81	61	171794	12595	1560	3198	3158	10180	601680	30008	153294	956817	67	80	2605	4263	2708	10839	567	35	6045	3086	1783	2218	106	111	1389	3909	1960	3368	3139	93699	18577	27521	39469	21050	4774	131	1408	16698	1935	3206	559	1113	8501	17611	5743	9677	52	104	48	1191	1081	236	195	75	364	143
SMGC_24	12	25	12	8	16	278	81	322	34	2	186	486	299	287	30	10	212	34	216	516	84	6	302	948	404	1196	2876	130	13003	192473	13475	17064	8	8	33	478	204	144	38	76	18	269	48	43	184	213	25129	87856	23610	30552	42	52	884	5154	64	276	13	4	2	72	21	4	56	27	96	42
SMGC_241	14111	706	421	192753	50074	63652	12966	62528	7143	5157	24232	87211	37927	52048	14554	2589	115109	4840	57882	136581	24631	10045	16922	36980	25271	43477	58396	783	15776	10331	17949	8699	8494	1784	13054	16997	38690	30134	81726	22991	5496	18593	19535	17840	22270	11448	65600	45773	41007	41319	244920	5122	85469	15288	11071	20287	3495	1551	695	22833	5509	1866	15968	771	47640	974
SMGC_244	285	58	56	1282	3270	1383	287	950	15240	174	12111	19667	2200	4169	357	129	71213	3139	10717	33390	194	181	2848	14534	3956	14087	824	33	1948	1417	2126	1013	1178	341	5100	24851	12669	15885	2001	2880	1456	13139	2394	2933	3480	539	38270	17040	10519	13857	1922	602	6842	5251	4104	6856	34	82	52	826	512	240	294	63	522	210
SMGC_256	66	19	318	129	384	3174	2236	5081	4	3	850	2070	442	573	308	78	1786	268	1064	5029	216	234	16189	16130	33330	63357	1430	168	12736	9926	7111	6503	31	26	106	1167	373	1373	208	518	153	565	355	307	1506	37	3152	8268	3811	2973	29	26	1120	5671	171	882	75	164	4	99	66	17	74	27	93	173
SMGC_258	53	36	24	35	474	7979	7712	9706	8	52	2242	2573	488	2388	55	43	5141	1008	3232	6363	123	498	32649	58818	35156	172976	194	11	2248	1820	1338	1557	22	64	488	899	752	868	310	1795	317	1066	797	1284	20956	35	289	2353	599	575	293	808	7514	13524	3986	8784	40	48	22	319	641	138	108	46	138	15
SMGC_262	38	53	30	21	128	1348	306	774	150	194	1107	81776	12300	22981	419	96	3581	1855	3689	37160	28	60	11558	9154	23824	18951	250	12	2805	2785	1600	1541	63	56	1034	11157	3269	3372	72	805	358	1699	886	494	347	110	24386	25866	14916	19035	117	249	20888	11276	912	9262	4	10	0	184	49	15	78	32	150	46
SMGC_265	96	57	28	26	326	1626	341	2475	166	4036	1658	98747	19552	109444	48	30	3628	558	2583	6544	48	228	7419	20559	10298	31039	121	16	833	2218	1358	685	42	16	134	270	800	180	223	1946	571	1490	1647	1031	4198	62	193	1258	2083	975	860	1197	4369	19900	2674	8971	42	206	127	1391	2421	955	94	4	52	19
SMGC_271	58	174	84	52	196	1944	400	705	230	274	3689	132016	17993	30784	1083	344	8691	5008	9588	94980	105	166	30139	24461	61012	45302	648	39	7683	6485	3641	3287	114	204	2429	23046	6054	7865	350	2117	830	4841	2409	1282	2097	226	58168	60221	33086	44739	304	564	21093	25501	2327	17446	12	32	10	359	137	33	156	144	220	123
SMGC_275	36	14	52	60	205	865	266	1269	273	184	276	97768	29343	26999	20	8	326	142	681	2133	39	18	754	1755	1258	2785	612	63	5986	11991	3660	5678	6	6	96	1048	209	64	18	130	70	1815	170	185	809	66	6852	10680	7403	9479	57	91	328	1792	136	1106	42	26	4	188	24	16	112	18	453	66
SMGC_28	128014	177890	115739	76648	149966	27734	2708	51732	55115	51445	56894	92183	90724	160432	128476	121100	121755	7888	157801	429403	74694	59196	554784	162175	274063	553767	196120	14096	220334	38620	161771	39023	87568	185001	144556	72931	220849	270310	530903	169450	22487	23965	91522	80518	44942	190334	54872	19895	65442	39260	143064	224201	47278	26054	10068	39873	152901	130766	4329	6095	40479	27167	117868	68003	66561	66083
SMGC_286	180	1	2	393	241	352	60	227	58	72	357	20296	2864	3014	60	12	1054	194	561	1108	135	46	496	460	236	328	407	2	235	102	196	69	114	22	136	157	455	228	501	262	35	112	148	104	13728	2462	6686	2785	3545	22136	13856	17436	15400	2103	7518	9293	16	34	7	86	44	48	131	9	131	26
SMGC_297	30	43	76	38	1173	5102	3613	4717	10	49	1524	2247	492	2204	110	146	8462	1582	6137	20026	530	1306	77448	226327	98372	584724	645	68	14614	10152	4981	7964	22	30	586	1296	424	308	412	7306	1101	3259	2517	3271	1533	27	132	1329	300	220	151	327	8345	10267	908	3539	10	23	10	177	289	64	19	12	125	34
SMGC_299	318	362	161	56	425	3822	709	4285	17	57	5443	4082	627	713	112	80	9552	958	6084	6075	1488	1978	112917	342115	165997	890860	527	39	3325	1534	1549	1872	58	172	1005	4329	2545	2514	356	1056	389	966	832	1151	6950	119	656	1581	615	661	1109	2308	12939	44105	3846	15903	498	541	154	1891	2703	1119	317	290	292	146
SMGC_301	20	22	51	24	114	273	106	2285	4	0	770	694	126	255	14	6	555	187	603	2000	4112	1405	29256	17675	60018	80309	8100	1178	125263	40271	42381	53994	6	46	213	436	471	1484	36	402	66	261	243	181	1456	12	799	3955	1579	1119	7	20	235	1032	231	597	17	8	4	71	45	11	40	23	32	34
SMGC_302	287	143	33	375	262	1433	297	1364	297	272	1204	586	560	281	272	35	3407	358	2168	4562	961	300	12955	27593	19121	80774	1706	376	10046	8054	6671	12747	351	91	568	683	252	422	244	548	242	476	431	332	1134	62	1259	6502	986	954	180	265	2066	6142	675	741	62	47	169	137	182	383	382	154	86	22
SMGC_303	545	469	219	417	1594	2445	454	5573	297	45	7983	1107	338	457	763	426	25043	4430	13211	85466	486	202	4809	10434	7229	25513	924	62	2603	1653	1904	2282	273	500	1195	10225	3839	3747	1825	4697	3961	4859	7728	3469	1196	538	3486	12455	4613	6275	413	742	1365	4543	1518	3042	241	362	38	584	921	122	477	153	186	99
SMGC_304	26	256	53	18	37	315	158	383	1245	914	619	215890	115096	81323	24	91	888	168	1722	1399	37	18	583	560	890	890	94	8	1310	1504	639	2631	16	26	339	2160	515	532	62	97	48	393	116	40	172	33	2294	4080	3438	4413	33	35	214	1000	123	500	31	33	8	77	92	37	48	233	56	10
SMGC_305	578	365	808	410	1677	7517	6532	11517	1467	557	4969	182771	76619	54014	661	245	11164	2972	13627	92946	1331	94	6061	16030	10880	19763	1861	84	8917	23758	6994	8983	268	245	3250	19657	9462	9703	923	3658	1677	17795	5230	4491	4777	1298	204358	265444	219926	275984	2794	2223	13850	73802	6971	33101	73	175	55	6696	1025	257	2069	191	39383	800
SMGC_314	267	228	202	509	2558	9284	933	11966	51	36	36568	4626	779	1763	2830	840	139880	17837	52934	295817	29609	3779	161728	212464	243282	664094	7908	588	70435	58304	23803	168128	120	237	1815	6435	2391	2574	4391	18822	13930	18275	27363	13932	24014	228	6589	12975	5106	4387	631	1182	11763	22960	3246	7463	322	399	59	633	1081	565	426	138	667	58
SMGC_316	97	90	83	55	495	5137	832	2525	40	16	2237	1486	289	775	126	71	9179	989	5302	18850	14726	4772	197304	432204	301732	1208263	982	54	9653	5034	3984	8811	25	102	776	2316	1034	1568	243	1385	549	1101	1105	983	7126	51	1739	10655	1896	1376	3402	5439	39902	162863	12585	47319	36	78	21	283	365	115	120	83	140	94
SMGC_324	97	27	25	971	14718	319146	340991	454040	16	15	35027	6514	962	2028	622	1284	110610	13666	50720	151824	62	38	1376	3422	3039	7645	46	2	358	467	358	358	72	39	494	1413	1188	825	664	7798	2689	4854	6470	3391	3276	150	605	10682	1140	2975	320	602	3374	2640	1437	1898	6	49	24	316	458	90	52	7	105	30
SMGC_326	512	860	131	169	1035	2815	885	2802	42	77	3856	2422	595	997	354	483	10847	1240	5723	21794	1790	683	27964	46155	36374	129758	3868	256	28107	17121	11352	34719	165	777	566	1239	1140	1383	2600	2452	1121	1916	3038	1875	4776	807	8112	16142	5723	5469	2646	4406	43503	105073	11225	23004	828	1032	349	2651	6007	3637	479	411	189	88
SMGC_329	48	112	43	162	2004	2885	367	8172	10	8	6002	1297	200	389	372	215	21375	3510	13633	112752	466	145	6288	4979	10821	15152	486	37	3958	2263	1967	3410	34	85	562	3693	1223	1532	601	4288	2732	4370	6064	3002	2545	75	2121	6578	2610	2122	78	123	2110	3151	878	1887	20	28	14	158	336	50	82	118	102	22
SMGC_33	60	78	37	34	116	571	261	700	126	137	136	66674	9760	13614	60	50	1677	414	875	4896	38	16	946	1757	1353	2573	246	2	2142	3066	1341	1452	69	55	916	8255	1599	942	95	186	64	597	284	99	9	90	13988	18837	13675	20321	175	202	2042	9931	899	4184	10	31	2	234	60	11	76	23	124	67
SMGC_332	37526	3558	752	1429	7656	13834	1971	12367	1417	547	28979	91573	54119	32734	85566	4870	70968	7723	132499	494906	16157	6253	32872	29952	127252	93560	96972	1141	99125	48403	118952	48919	85482	19153	79520	63208	126942	70757	203242	123110	12675	18376	42110	29575	30851	38486	143272	162946	187829	200743	262218	9059	28986	58232	10476	41831	30171	5084	596	4310	18947	2412	67492	2683	4144	637
SMGC_334	1129	603	468	1327	790	924	182	2276	554	655	2645	865	661	1585	1999	849	3938	354	3617	8260	898	396	3099	958	7473	4125	661	27	1798	835	2571	919	1283	936	7210	1726	6290	6593	4196	2271	422	1266	1917	1986	926	1000	1244	283	983	2194	1072	649	562	236	292	438	300	202	10	192	361	97	675	229	707	447
SMGC_336	227	34	50	450	572	2268	205	2302	22	26	4794	676	730	761	2328	56	5651	606	4989	13833	105	42	2468	926	9797	3551	1045	36	3108	2093	4816	1969	660	257	12064	3024	11679	10161	4052	3264	775	1217	3674	3397	766	11	2063	511	1873	4092	48	75	766	455	528	280	16	26	16	120	430	59	74	11	129	55
SMGC_337	949	302	1336	219	463	2095	1042	3805	716	112	2481	33894	13771	10445	662	176	5715	1264	8513	43555	7077	148	8083	12507	15337	30430	3512	87	12896	27549	9075	10985	501	241	3312	7727	8093	7547	1287	3189	1834	20596	6440	4930	1686	221	35920	45935	41987	52050	4452	672	2427	13873	923	9794	104	120	39	3155	810	166	3673	172	4530	1144
SMGC_338	157	135	310	66	468	5750	7023	7354	10	21	962	808	399	436	92	133	2938	1226	7328	24244	25	20	1096	4508	2346	5445	140	20	1438	2571	975	563	66	103	1268	13167	3266	4994	1121	6837	4516	279646	18966	17771	2862	107	2133	4015	5195	7784	48	110	980	2104	234	731	57	351	114	12340	2238	446	135	25	287	144
SMGC_340	610	568	614	732	2119	112811	33848	13680	407	32	40112	13010	1871	14213	533	240	129779	7691	7305	25711	522	426	10624	13231	25054	113793	399	802	2157	2195	1205	8818	382	408	4204	8905	3566	3516	397	700	741	7941	1028	3444	1075247	192	6617	3070	13145	14554	250	1734	264642	68888	44268	230749	110	211	86	2708	998	296	461	122	5761	268
SMGC_343	6419	1342	3428	5290	5651	14097	5493	36037	7789	373	17877	88089	51725	29208	7976	1577	50581	8486	85999	337100	244244	2652	116766	74382	204915	335130	39829	937	117363	238567	80496	94661	10404	3906	51868	93681	130829	129476	15484	22357	9792	25097	46613	30190	37474	914	86224	106592	112194	138609	39747	4032	15763	47309	3967	27740	2443	1045	307	28202	8996	1892	32808	822	15013	4007
SMGC_345	7500741	9381104	7377363	5834678	6757644	1135400	128188	2501972	4753209	4584825	2211664	5188199	4781641	11712953	7834608	7908857	6198549	301463	7452770	19238139	6442064	3412780	27573309	5930850	16180443	26003378	7293751	551589	8345829	1397349	5536141	1473913	6808074	9114421	10168196	5245483	12607311	20998676	21385228	7730376	897060	984433	3847819	3209650	931165	9998423	2085504	767323	2556188	1588326	5466180	8040031	1420264	709240	343197	1658393	4906621	4899868	134092	220182	1479873	1079292	6486391	3021508	6048519	3985190
SMGC_35	22	47	27	52	234	2256	566	1283	354	302	297	159172	38085	41662	46	16	576	150	929	2272	39	21	770	2743	1664	3654	1989	143	16224	36306	12010	17079	14	22	186	1634	536	666	85	240	61	2840	311	198	1002	113	18392	27318	19519	23937	97	114	58	5338	287	2530	17	22	6	215	76	30	80	18	129	60
SMGC_357	203	42	28	714	395	1037	142	453	182	53	406	3329	1217	1010	95	40	2692	4308	1612	3447	184	124	3641	113839	3967	7775	443	35	520	678	561	305	129	59	395	540	574	249	492	692	145	626	345	262	218	80	1160	1123	889	906	560	130	1533	2155	583	448	50	51	16	203	127	60	286	34	372	69
SMGC_36	277338	383026	200195	177626	362547	72809	7058	146606	84425	94355	114675	206917	190480	315562	262250	241996	279013	18997	425735	1120101	125459	130405	1138919	363745	495399	1180224	495371	40829	877485	170439	773096	181968	170149	467137	290946	151502	453895	550253	1328741	415971	55272	61747	239390	199761	56501	416043	116883	49911	145566	90950	337588	544838	100550	85872	28033	99607	222325	259224	6084	9914	65892	48241	264244	153608	118229	115097
SMGC_362	77	153	217	37	209	2039	2257	2103	74	84	343	22033	5305	4877	101	83	1777	648	2542	13136	62	118	2752	20861	6476	16570	205	23	1907	3197	936	1189	33	109	535	10497	1729	2774	330	1473	456	29114	1787	1660	1500	141	5659	13257	7333	6823	118	141	2388	3647	152	1336	61	38	8	2276	174	35	108	73	98	143
SMGC_37	78	106	32	52	515	8491	5708	8616	37	221	6983	6613	1656	8839	122	36	21571	1506	9159	13904	276	221	6726	21851	10958	40864	139	8	2984	1432	1799	757	20	32	812	2745	1036	1228	457	1582	490	2302	1610	5545	7352	14	517	1217	492	761	166	392	4669	8692	2744	3097	11	92	54	684	1555	166	105	94	359	48
SMGC_375	8	11	44	24	30	2161	12132	360	0	0	266	185	50	32	10	26	519	249	1123	4247	0	0	22	30	30	156	26	4	170	328	104	184	2	4	279	2906	512	0	88	895	348	42282	1739	1594	0	4	236	1208	398	314	10	6	0	1975	62	322	2	30	6	1524	162	38	2	0	12	8
SMGC_38	560	147	520	358	607	2803	1143	3511	806	132	2424	62329	23131	18585	620	148	6156	1541	8455	47665	3553	101	6143	10572	10888	19886	3315	113	12494	30782	9745	12292	478	193	2621	11120	7486	6495	1103	2274	1068	7254	4056	2701	7942	423	70681	91678	79845	99409	3322	981	2820	20806	1813	9061	91	114	36	3074	1470	183	2524	102	4276	476
SMGC_383	190	14	28	438	5015	3700	255	19196	22	8	2250	301	652	380	867	18	1797	218	1632	4074	133	228	3529	1967	28183	8970	2732	76	4805	3420	19205	3853	282	94	6577	1148	3810	3688	901	631	178	530	859	964	1082	8	2152	216	629	822	114	62	746	636	442	18	14	6	4	148	197	30	42	4	46	38
SMGC_384	42	89	70	49	778	12966	13098	15515	76	411	32728	192141	14891	57205	1119	1907	99959	17402	45729	234222	25	47	2253	7901	3497	21953	76	4	1130	1459	640	454	32	50	375	1821	932	421	1199	13099	8504	13121	15298	5651	3026	76	238	1285	512	738	950	2150	17475	5622	1991	2276	58	416	188	2624	4117	1841	58	23	98	18
SMGC_385	28	46	88	4	8	102	1368	22	2	2	0	341	85	68	12	22	662	452	1486	4773	4	0	208	3360	551	4082	6	0	20	308	78	70	14	3	36	1690	308	12	130	1183	412	57121	1682	1870	0	0	38	180	144	187	4	0	0	406	8	152	2	20	8	648	52	6	20	10	14	36
SMGC_390	81	51	35	4374	57261	1532871	1447166	1934669	114	74	7545	14949	2978	4029	113	85	20130	1212	13241	13178	44	56	2119	2721	3259	9087	152	22	1556	1299	1117	628	86	90	1317	3386	3968	1387	359	1678	827	1422	1829	1292	11952	398	1210	6969	2478	9664	418	556	6362	567431	5423	8944	10	110	44	1208	744	217	59	10	193	14
SMGC_392	223	440	1039	172	2510	28150	9343	61177	74	94	6277	13495	4435	6620	290	268	18432	2112	21062	37842	69	228	5624	7313	11696	39190	1061	118	13689	87493	5484	4262	118	1230	11208	33736	24059	22465	1022	9022	2409	4507	4522	4066	4499	277	5882	62679	12472	9717	1549	31383	23012	52365	9024	25246	186	830	374	3780	8885	973	257	196	802	552
SMGC_395	56	254	74	39	217	5057	4560	2679	6	8	1546	783	181	244	219	209	3932	1261	5659	29028	27	60	2687	1283	5432	2284	88	8	630	820	401	552	26	174	156	1154	522	278	597	5933	1690	52224	4851	4181	48	184	1255	1950	1101	1282	40	118	1210	1221	94	420	28	132	24	8905	526	110	80	133	14	70
SMGC_416	51	136	28	499	6541	9190	2215	37777	14	4	2764	883	2706	320	721	26	1936	244	2744	7989	40	34	925	866	7379	2369	2086	26	2403	1615	9366	1936	289	122	6292	1478	4563	1536	858	537	214	353	721	548	1824	6	249	270	276	258	19	51	590	826	283	841	2	6	10	109	202	22	38	32	19	10
SMGC_418	28	12	51	16	26	46	3728	215	3	0	408	266	128	99	12	10	684	194	1248	3856	2	12	218	1767	418	4696	10	0	10	124	36	64	8	6	56	1280	290	318	246	1314	452	44707	1952	2207	2	2	176	570	284	500	6	6	2	232	2	110	2	42	10	2877	102	32	57	2	22	24
SMGC_434	12	0	14	101	108	840	28	365	4	2	4211	294	28	112	234	224	20111	2653	10961	36859	264	66	944	1784	2394	2421	161	10	1238	1834	1178	860	48	28	514	458	712	120	687	3339	1024	1906	1932	691	1877	134	1327	3466	1216	1950	27	28	586	2539	178	212	0	12	8	94	132	16	61	2	60	2
SMGC_436	198	40	287	165	177	538	3821	768	56	52	1806	3062	1870	802	133	78	6870	1062	5031	23896	45	38	641	3595	1078	2674	170	6	238	919	488	274	188	39	428	6223	1733	1756	526	2130	718	51589	3297	2973	1430	36	1750	3554	5500	8204	657	474	2400	19857	1370	21350	26	88	20	6088	335	120	737	45	202	629
SMGC_45	238	18	38	286	3048	3252	174	7386	44	2	3158	887	611	944	333	26	1317	422	1563	6225	304	394	7172	3065	19876	15278	1226	24	1364	924	8372	1059	225	56	3032	1375	2693	2827	701	678	129	592	484	450	306	8	3940	432	2711	1701	202	80	1266	724	456	656	22	30	10	182	222	18	90	4	70	6
SMGC_464	428	22	68	393	2691	2785	185	17466	22	2	5767	536	1466	800	17520	102	16558	2213	16405	24870	294	284	4852	2474	45770	13901	867	12	1879	1192	5820	1377	538	164	10129	2841	6481	11272	1428	1637	574	1091	2825	1801	703	8	1435	436	1661	2518	154	79	270	1765	470	646	16	8	14	114	358	62	64	6	106	26
SMGC_469	121	195	79	75	1136	8017	964	8464	104	196	10570	26814	3410	16371	355	138	29671	3437	12280	34667	364	186	14304	23836	21782	48308	35663	1855	345560	191891	123336	411714	21	97	768	2214	1351	1984	640	4933	3658	4213	5504	2230	13425	1003	102043	190342	68239	55033	825	1555	20335	80333	3197	9640	285	438	188	2259	4073	1976	185	318	325	118
SMGC_473	158	358	300	368	1284	13473	1819	10174	72	28	26908	5552	1876	3956	259	36	2397	560	2371	12569	4	22	4844	1199	580	5873	1011	21	4424	1727	3846	982	240	113	8364	5333	7095	17676	396	710	178	529	506	482	624	13	2773	151	3184	543	42	34	1484	743	243	262	24	43	56	175	310	37	140	34	386	202
SMGC_481	72	83	89	189	3387	2167	202	4083	20	13	850	431	214	472	324	26	2029	146	1661	2405	537	400	16070	5643	20536	36764	387	28	1157	464	1183	623	57	27	462	608	514	469	196	221	70	316	254	254	1898	24	1186	15020	279	239	226	168	4683	6454	757	904	44	50	4	77	84	25	52	92	90	41
SMGC_485	200	223	75	376	2541	5365	217	18858	28	4	4806	1080	796	1229	3230	122	5052	537	4774	11680	59	40	1081	618	1160	3200	684	24	1823	795	2196	908	105	146	2284	683	1909	5193	554	618	200	471	650	768	1104	104	5922	817	3003	1256	146	232	244	1090	204	754	101	98	6	69	325	46	172	89	143	70
SMGC_490	327	373	235	306	835	8811	488	5479	36	16	28803	2965	475	900	9340	128	10864	1763	11066	18537	466	489	15956	4813	59211	27442	505	16	3877	1453	2531	842	142	95	3721	5029	3277	8270	763	1292	391	1985	1735	1249	2746	22	1034	470	898	851	132	176	778	1394	1086	812	11	36	6	113	156	24	187	23	319	205
SMGC_506	47	72	18	1326	6507	6491	1842	13881	82	8	4028	1534	1833	651	206	76	3987	563	4790	14067	443	288	6447	8086	674995	18209	215	20	1487	621	1105	879	106	84	5920	2063	2823	2238	436	1227	780	2313	2480	1299	7770	32	578	953	1716	845	44	135	2800	2928	1580	4545	20	38	28	393	550	162	54	5	106	16
SMGC_507	12	29	31	24	60	342	108	734	196	164	658	27852	12074	5285	48	44	1122	965	1793	11072	38	10	373	549	686	811	499	42	4733	10931	3307	4184	32	55	383	5811	1673	1273	74	370	178	454	551	221	546	336	33174	69058	62930	81218	24	16	258	795	156	255	18	12	0	142	58	32	58	47	32	52
SMGC_51	166	575	270	62	187	650	418	359	28	34	1823	8394	2061	2207	489	539	10397	2904	13474	65590	71	205	8956	4916	18975	8205	116	24	1885	1226	890	522	378	789	5433	93172	18072	17634	1461	12135	4089	207876	12188	11397	2	450	3714	4460	2712	3645	23	47	2459	1914	124	348	34	95	8	209	69	14	173	281	39	147
SMGC_512	94	82	52	58	805	20169	9429	14344	16	46	8525	13613	1349	3579	273	400	30419	4167	14441	65453	30	58	2663	5558	2704	11376	91	23	1184	1443	700	726	61	79	818	2383	1514	1478	703	15341	3342	6182	7718	9372	8058	110	1011	14699	1353	3104	158	374	6814	260840	2772	4333	16	30	30	370	606	126	131	22	238	48
SMGC_515	91	28	15	180	260	660	46	1255	12	0	2396	232	265	271	1260	32	2729	290	2347	6757	29	10	1068	1112	5484	1366	411	14	966	814	2251	773	376	123	6456	1415	5611	5724	1848	1334	337	598	1618	1641	749	4	1079	184	908	2822	8	38	384	196	238	438	14	14	8	85	263	30	25	6	63	8
SMGC_523	61	81	383	4	218	316	121	252	148	32	1445	9174	10074	1238	152	195	4255	2864	5921	52497	7	6	806	542	1671	1084	64	0	253	1468	376	314	74	221	1532	36870	9243	6919	820	5876	2223	112622	8075	7167	0	28	1822	2476	1946	1822	28	30	324	613	59	1301	8	10	0	76	18	10	64	21	399	101
SMGC_528	74	76	50	61	834	10119	11542	13930	42	434	4037	20815	3545	27832	140	70	10355	2228	8112	19078	71	223	16155	23641	18363	73993	472	33	5612	4591	2732	3752	46	70	1444	1849	1626	1468	509	4438	1131	2746	2040	2324	7895	111	1078	1929	2402	1139	2237	5904	48130	49169	7241	28194	54	230	56	1261	2460	737	104	50	161	17
SMGC_53	42	22	180	38	210	14973	445	1576	42	122	2252	3718	2716	2346	213	76	5794	1444	6921	16320	12	18	726	1113	783	3561	136	16	1916	1239	2327	812	708	438	4360	34627	25680	5546	32026	29315	5216	10283	11805	16421	16122	48	270	382	32788	582	2534	6699	58129	4842	10670	17797	16	60	28	603	401	165	64	10	146	20
SMGC_531	115	179	171	523	2336	4538	1462	11190	749	457	834	155856	62077	52838	173	115	1528	600	2764	13188	64	54	1620	2356	3060	2931	2052	162	20724	56947	13792	24130	41	149	312	1770	539	411	243	585	244	4247	731	612	1420	1045	145030	233148	279114	308515	815	1680	4145	62921	3307	57614	41	31	18	280	228	50	315	146	359	146
SMGC_538	164	134	206	396	1188	7404	15205	8604	4	4	1955	214	172	155	376	216	9268	7146	20702	63240	36	112	2475	34285	6438	46164	74	6	746	274	192	162	246	182	2924	56382	12144	9354	7027	27431	8992	563811	42073	37932	1734	4	108	489	496	410	12	52	1888	610	478	3723	2	16	10	1307	96	34	118	10	179	160
SMGC_539	254	681	243	189	1066	18287	796	4875	62	33	26998	4880	854	1696	323	22	3245	916	1540	5506	47	30	2602	1486	1776	8013	1162	42	9229	3490	3571	2720	109	116	5697	5523	3873	14504	1721	832	271	698	1150	2108	1261	10	1576	182	531	223	45	69	560	795	126	29	7	16	24	29	68	6	362	39	432	327
SMGC_540	220	113	46	320	939	2557	136	8767	20	22	3943	1881	818	2496	780	12	2777	270	1816	5932	31	20	740	593	1338	1194	697	18	3223	2175	3683	1525	156	88	3299	424	2260	3339	663	679	233	540	805	598	818	10	3937	430	3387	1429	47	70	732	1201	462	708	6	16	2	99	112	38	228	22	270	78
SMGC_541	371	73	78	378	650	2232	168	3662	28	24	4010	835	708	750	2237	47	6429	617	4880	12328	90	44	2233	1263	10957	3097	1440	56	4032	2598	6450	2624	648	272	11840	2506	9739	10707	3256	2842	708	1219	3071	3206	2106	15	2108	398	1686	4448	96	111	656	2393	868	1200	22	19	86	126	391	65	238	16	254	99
SMGC_544	62	112	44	260	2023	4788	297	12328	24	16	8475	1218	245	527	701	18	2630	210	2088	9438	60	30	4374	656	7219	5116	1431	50	2955	1557	9566	1791	105	42	2955	1590	2663	2444	1837	1362	350	630	1921	2145	38	8	517	160	630	268	40	44	144	2994	96	526	2	6	3	54	113	16	26	6	142	62
SMGC_545	134	282	129	119	568	6428	762	8235	1262	23	4377	2477	826	1992	180	128	8407	2099	6407	15101	106	46	2182	11970	3504	12450	137226	6110	1342573	525833	557978	715113	64	177	2202	5714	3789	3591	511	3347	877	2035	1872	1709	48519	153	1292	1871	2132	2112	199	435	18656	200462	4915	18014	100	183	390	325	299	83	124	147	399	66
SMGC_55	213	54	56	355	445	2537	145	1919	32	9	4906	685	526	598	2057	67	5462	540	4767	12421	64	30	2959	842	8835	3166	824	45	2106	1449	3949	1189	615	272	11090	2777	11178	11835	4101	3338	823	1331	4031	3776	2111	5	1584	288	1350	3172	30	50	1318	540	468	82	12	14	16	112	301	37	58	3	133	43
SMGC_56	146	352	132	104	307	1977	278	906	148	174	1420	59654	9925	16205	453	246	3465	1941	3655	36753	89	168	16532	13070	34858	22885	611	51	3943	3453	1966	1426	131	326	1769	14498	4508	4819	901	1147	342	2834	1075	662	2555	287	23284	24585	15737	18912	303	587	27508	9729	2662	8286	177	218	7	189	120	40	283	159	179	129
SMGC_573	80	71	30	96	619	5819	145	8141	18	6	2596	606	891	528	2959	44	4131	872	4123	9410	53	30	1055	696	4243	4637	1986	36	3149	1641	10601	1876	30	42	1499	646	1109	856	378	583	190	224	756	456	2525	9	768	123	442	392	62	35	320	416	2	1038	6	16	10	32	153	16	45	6	86	18
SMGC_590	102	543	115	51	346	4760	1149	1886	26	22	2627	5144	723	1477	127	114	6844	1360	4004	5350	4014	3295	179592	371108	269545	908184	476	31	4856	3977	2475	3059	41	51	918	1414	936	467	209	841	346	978	601	782	16389	90	3662	40233	2582	1831	1240	2187	2365	15145	7312	17690	63	99	6	308	371	79	185	353	508	166
SMGC_601	223	473	123	129	592	1729	276	1864	420	292	390	113009	34824	31695	147	194	929	240	1293	5295	53	103	1975	2593	2667	5339	1307	112	7654	15133	5279	7446	83	359	193	1703	772	668	1279	656	116	1899	441	368	430	364	9125	13602	8369	10166	421	726	780	3200	136	1991	246	301	8	124	100	79	297	305	91	105
SMGC_611	12	4	6	28	82	226	16	702	2	0	3144	2	18	60	125	224	14265	2190	7902	40676	6	4	212	128	112	54	35	6	184	166	163	104	8	6	71	134	538	116	442	2780	1071	2176	2885	1122	1008	0	22	12	28	10	4	0	48	183	246	2	0	0	0	46	8	0	6	0	2	2
SMGC_617	12	21	14	4	66	869	142	797	6	4	198	806	126	287	28	10	886	264	886	3093	11183	2644	47096	13139	87368	106756	252	40	3679	1242	1245	1370	8	2	103	648	230	570	36	384	121	307	185	185	794	7	435	1033	547	729	20	18	358	364	112	358	2	14	0	26	18	4	18	13	29	4
SMGC_619	125	1443	109	69	94	148	84	973	24	58	427	9023	1820	1222	242	836	3076	5133	5362	90877	16	29	1064	702	2308	1987	586	27	813	567	480	399	3	586	164	314	304	162	2137	2220	1175	1596	4655	1254	4	194	324	385	396	330	482	839	968	9684	2026	24580	4	112	0	23	92	10	165	917	104	32
SMGC_62	98	120	63	34	163	1046	505	1287	10	14	3808	832	205	223	58	42	7102	528	5435	2914	330	1925	10056	31782	16987	43412	154	18	2250	1319	1064	926	23	46	370	813	452	1159	129	773	128	451	417	577	4606	53	465	12699	869	916	115	225	2943	11065	956	1698	22	42	9	78	311	34	104	112	137	26
SMGC_622	100	8	141	12	38	264	4169	709	12	4	1442	718	710	296	48	18	3451	548	2630	13286	6	2	266	2124	528	1784	18	0	75	164	101	86	32	24	205	2184	473	254	326	1749	593	42349	2676	2917	254	2	436	1307	1585	2242	112	196	1568	8912	622	10318	24	68	6	4587	154	86	358	29	103	365
SMGC_66	161	302	66	487	2134	3945	1638	18110	24	24	3467	2544	694	1681	232	123	8404	1716	6570	10920	21515	1974	90958	59812	110125	165789	15318	852	140218	80861	49781	115857	46	80	789	1570	1896	702	603	2036	671	1489	1944	1698	30970	136	4738	20419	4008	3136	118	236	12368	21869	2469	7067	35	58	30	429	622	93	296	115	390	61
SMGC_7	66	189	118	184	736	867	662	4578	168	253	344	131474	18092	36197	55	75	718	509	893	7789	32	41	2213	1775	5007	5918	1249	151	12972	17002	7795	10073	7	45	19	927	374	81	147	253	151	1036	421	245	985	59	1923	2323	2586	2282	54	154	5195	9442	265	5236	29	36	11	80	99	30	109	131	169	45
SMGC_70	781	2760	1546	480	643	620	1243	1157	170	125	1380	1525	703	615	1392	1392	2999	570	2906	11971	721	785	2152	1098	2171	4328	339	79	2110	531	782	677	533	2456	1339	1530	1696	1714	3142	1088	374	3656	889	884	1798	2454	11422	21021	6673	17644	624	990	10159	39822	1507	36262	414	967	56	3465	311	194	1055	1238	368	988
SMGC_75	84	299	106	78	181	2232	464	876	235	199	3380	76010	10899	19937	589	258	4856	2531	5360	48755	140	127	20118	15643	43676	32389	542	60	5676	4051	2650	2326	166	172	1867	17680	4482	5143	295	1272	636	5750	1473	957	3411	143	26097	27627	17016	20056	228	350	42479	13369	1653	8742	87	61	10	263	134	98	157	149	237	105
SMGC_76	282	2439	502	250	701	16608	1983	6315	681	744	105430	342154	37105	76796	2718	743	19484	8984	21580	202231	320	337	43674	36253	86247	85986	1683	227	34082	19661	8894	10659	524	540	25255	41969	15855	37502	1167	4606	1883	7890	4486	3540	145095	874	166994	174334	98989	126939	1035	2185	85020	82462	10878	67860	192	200	63	1353	494	180	395	915	694	866
SMGC_77	1366	2779	2045	603	1094	8605	10486	9097	372	302	3315	60740	16065	14420	1841	1882	8330	2877	11810	59399	779	1211	9294	58429	19243	58581	844	92	8398	11010	4057	5368	770	2790	2555	44320	8147	10441	4270	7103	2388	146421	8551	7704	2158	3208	21268	43346	25792	27456	281	365	2197	11285	454	7858	334	983	84	9882	823	228	1260	1508	864	1135
SMGC_79	191	522	300	1298	4517	4783	1848	23969	159	70	1967	10170	4068	3100	137	144	1584	441	1872	8246	338	95	11914	7318	23601	12730	623	36	4192	2906	2105	2126	85	106	568	2182	1417	2373	361	637	227	2237	683	531	5391	173	8034	33053	10832	12786	784	1081	17383	41209	2361	27277	52	58	23	398	171	49	430	358	351	104
SMGC_84	486	160	407	75	185	2987	314	1160	335	127	9375	8403	13722	3925	1010	341	17492	782	19349	79423	1671	69	4523	3724	9273	13765	675	59	3101	2673	2099	1537	160	95	705	2288	1516	2267	2416	3749	1933	2641	9470	8196	37458	121	5001	6240	7539	8135	922	1848	5212	5732	1843	7875	450	925	342	1514	20010	1043	1505	148	652	144
SMGC_85	136	223	106	152	357	1454	429	1463	475	345	1264	109084	31914	28959	114	109	878	266	1585	4481	225	45	1659	2698	2545	4426	1059	143	7740	16420	5803	8005	194	123	466	1939	821	912	333	429	190	3319	416	386	2192	155	10539	17052	12799	14594	156	202	1008	3832	455	1833	86	108	71	424	246	89	232	121	344	107
SMGC_88	63	90	79	77	277	964	925	1253	224	194	1769	45479	16248	13616	293	213	3708	3763	5914	47657	441	52	1602	3165	2996	4665	423	39	2307	4751	1747	2096	114	88	569	9225	2258	2222	274	1764	702	4293	2655	1062	2070	699	110324	168584	127104	185316	1908	1443	6407	35162	2660	35735	91	103	35	411	1219	129	289	85	449	129
SMGC_90	991	623	1116	1018	3608	11232	4165	18961	3420	1640	7910	566278	180630	158249	1462	524	23314	5830	29556	210059	5473	179	9508	23528	14406	28478	2733	135	16461	42357	11888	15440	611	547	6507	36880	18584	20727	1522	6373	2924	19010	8698	6670	10134	3273	678035	863231	704706	899218	5095	5160	31094	157558	11521	83524	134	399	92	8549	1703	409	2422	485	10453	899
SMGC_92	828	590	1104	510	1652	6391	3192	9803	1862	739	4007	242787	80787	69506	750	303	11659	3342	15437	104328	2532	112	6552	18397	10938	21327	1900	135	9625	24352	7370	9169	509	322	4117	21994	11636	11869	969	3685	1746	15108	4935	4341	7834	1555	306661	384487	310655	398735	3006	2725	17265	77102	7392	43029	97	179	77	5471	1147	362	1918	300	12586	671
SMGC_94	305	719	292	227	761	1808	459	2595	356	134	1189	54826	24996	17897	355	320	1343	167	1331	3155	115	150	1083	1085	1234	2827	254	37	1444	2537	986	1490	177	448	367	1046	787	832	776	400	116	696	278	216	977	477	6264	11917	5944	9608	342	752	3219	20640	857	10456	231	269	22	103	97	93	201	386	75	152
SMGC_96	250	826	196	639	2200	3847	2398	26547	113	141	7484	1207	449	625	1479	321	4724	703	8340	14855	10046	416	25075	7831	27159	59410	1158	139	9969	5724	3978	10892	113	175	457	761	461	1055	608	1148	378	639	805	772	3873	231	1994	3882	1448	1196	510	957	3474	5033	989	2864	322	256	50	213	298	195	343	658	267	150
SMGC_97	163	360	213	261	582	9457	1106	5288	162	149	3325	2776	1064	2302	245	229	10622	2485	8075	27106	32168	4112	145446	184937	236737	459733	1445	157	8862	6455	5263	10581	162	243	953	1435	1369	1317	822	4855	1140	2356	2236	2017	12177	244	2668	5221	2522	2386	3046	8471	125636	119425	30504	81402	157	261	69	453	437	211	218	290	238	152
