"#OTU ID"	"1-FH"	"1-FH-PMA"	"1-UB"	"1-UB-PMA"	"1-AC-PMA"	"1-PC-PMA"	"1-Abd"	"1-Abd-PMA"	"2-FH"	"2-FH-PMA"	"2-UB"	"2-UB-PMA"	"2-AC"	"2-AC-PMA"	"2-PC"	"2-PC-PMA"	"2-FA"	"2-Abd-PMA"	"3-FH"	"3-FH-PMA"	"3-UB"	"3-UB-PMA"	"3-AC"	"3-AC-PMA"	"3-PC"	"3-PC-PMA"	"3-FA"	"3-Abd"	"3-Abd-PMA"	"4-FH"	"4-FH-PMA"	"4-UB"	"4-UB-PMA"	"4-AC"	"4-AC-PMA"	"4-PC"	"4-PC-PMA"	"4-FA"	"4-FA-PMA"	"4-Abd"	"5-FH"	"5-FH-PMA"	"5-UB"	"5-UB-PMA"	"5-AC"	"5-AC-PMA"	"5-PC"	"5-PC-PMA"	"5-FA"	"5-FA-PMA"	"5-Abd"	"6-FH"	"6-FH-PMA"	"6-UB"	"6-UB-PMA"	"6-AC"	"6-AC-PMA"	"6-PC"	"6-PC-PMA"	"6-FA"	"6-Abd"	"7-FH"	"7-FH-PMA"	"7-UB"	"7-UB-PMA"	"7-AC"	"7-PC"	"7-PC-PMA"	"7-FA"	"7-FA-PMA"	"7-Abd"	"8-FH"	"8-FH-PMA"	"8-UB"	"8-UB-PMA"	"8-AC"	"8-AC-PMA"	"8-PC"	"8-PC-PMA"	"8-FA"	"8-FA-PMA"	"8-Abd"	"8-Abd-PMA"	"9-FH"	"9-FH-PMA"	"9-UB"	"9-AC"	"9-AC-PMA"	"9-PC"	"9-PC-PMA"	"9-FA"	"9-Abd"	"10-FH"	"10-FH-PMA"	"10-UB"	"10-UB-PMA"	"10-AC"	"10-PC"	"10-FA"	"10-FA-PMA"	"10-Abd"	"10-Abd-PMA"	"11-FH"	"11-FH-PMA"	"11-UB"	"11-UB-PMA"	"11-AC"	"11-AC-PMA"	"11-PC"	"11-PC-PMA"	"11-FA"	"11-FA-PMA"	"11-Abd"	"12-FH"	"12-FH-PMA"	"12-UB"	"12-UB-PMA"	"12-AC"	"12-AC-PMA"	"12-PC-PMA"	"12-FA-PMA"	"12-Abd"	"12-Abd-PMA"
"SMGC_103"	275	136	180	121	2338	13961	567	968	42	18	162	294	646	607	1877	3755	539	552	49	19	22	21	2003	496	556	1876	1199	506	551	259	608	101	112	3158	1984	614	2057	6266	4629	19452	251	160	91	582	2289	860	11862	17957	8160	6941	60526	3227	2623	42	174	4322	6028	2344	2704	5490	1764	81	74	189	600	949	3551	1547	1855	1965	2752	1444	342	6048	3106	3558	3754	94746	103519	8896	19099	10823	17236	2012	92	150	1925	3079	2272	3271	3961	3031	107	114	106	84	116	1365	88	282	182	88	1649	804	310	92	57	90	21289	10728	2095	2245	371	1841	1542	114	111	691	457	48091	5415	514	253
"SMGC_121"	733	581	64	102	2918	3147	48	108	113	64	518	1581	1052	1014	172	478	852	1064	32	12	26	10	2393	1593	1559	2438	414	306	1090	1087	3052	58	34	3720	4171	746	3240	3921	3119	8456	184	142	108	772	1678	760	4587	3258	4735	5216	6317	828	1495	40	122	1556	3647	1509	4319	3305	1033	1496	1264	370	1226	3216	3080	1821	4672	7890	2939	12106	4048	6427	5804	1046	1112	2180	2820	7921	16802	11647	25197	6758	130	390	2249	1949	995	3160	1140	758	1683	2304	315	550	1689	2022	822	2258	1956	678	26	12	100	52	16	36	120	184	160	398	24	750	1035	46	138	293	384	3298	3635	102	34
"SMGC_122"	264	228	151	111	3179	14167	437	396	119	110	428	840	2352	2281	1186	2273	2653	1950	480	102	116	113	1690	1828	52326	47873	18934	15169	14605	298	656	134	30	4006	4793	1146	4754	5378	3813	32747	1146	707	57	275	2764	822	10722	14585	5085	4030	11104	961	833	46	183	5785	8204	11394	11702	3930	4552	154	123	92	291	1515	7817	3307	3964	4533	3632	401	143	1291	762	608	749	5453	5810	2014	4993	1583	2589	7900	184	346	58368	25856	73709	83532	61455	79300	1124	1377	604	545	4697	18740	2554	2546	10268	754	28	15	41	18	24	36	2020	2248	459	626	82	1010	779	90	119	6443	4972	33994	6702	351	164
"SMGC_123"	26	18	16	30	144	2398	106	109	10	4	37	96	299	228	3200	5516	204	1500	10	21	6	12	406	4	747	626	104	136	272	26	100	75	14	1728	320	468	1759	2359	1494	8502	10	10	20	94	936	337	4702	5957	1895	1710	12090	14	12	0	2	21	152	98	2	52	46	8	19	4	44	146	2716	488	535	650	98	744	280	2732	1496	1324	969	70589	53767	4821	8517	6313	7794	366	6	20	139	212	562	450	198	216	14	16	16	36	0	181	40	1110	0	4	11	2	54	32	8	16	11347	9470	396	366	119	146	130	12	16	78	10	6169	568	87	34
"SMGC_134"	68	76	18	30	698	1012	25	14	14	28	134	580	2398	1494	56	484	4886	114	44	32	255	114	1155	34	92918	51174	10169	18432	17577	136	515	26	10	3158	2137	426	1801	3585	2640	5243	0	2	10	28	181	148	338	1561	278	428	795	176	424	32	142	2876	4992	1563	3335	4348	1217	180	198	155	682	1092	2479	1526	2738	3945	1498	1442	515	3246	2310	1629	1498	4086	4128	4526	9873	2243	5257	2410	156	6	60	1729	131	905	8210	224	408	492	986	1015	1931	832	696	2754	2624	1196	12	8	36	10	30	28	230	224	168	260	61	44	90	10	10	62	2	888	1789	12	8
"SMGC_143"	111576	141824	2187054	2108764	688169	79605	202980	447970	58770	42050	166376	272274	28085	37130	2485	14528	45184	49110	6765	5668	10000	10531	88837	5334	44307	54991	42742	58787	25720	81232	254974	666647	2678519	304423	571058	10657	39878	236074	158103	575896	29289	28285	12533	133216	308906	157719	45504	64403	164243	118698	218509	66222	42356	20528	97309	53155	55291	11968	17734	36180	11745	11348	15005	258675	1384216	80044	37599	8008	87765	73583	114483	116616	68073	94948	43030	14127	16728	20462	26976	62290	136366	47353	67805	57486	626714	8474	18741	14276	14564	13826	17467	16797	175793	616477	839217	2405253	830155	31849	12466	27981	38824	7705	373850	584953	449973	806087	1076	3099	4013	4302	15133	17279	5559	172887	204238	2739642	4106526	277914	232125	109769	93503	65178	81346
"SMGC_147"	178	130	46	36	1126	1098	54	86	309	202	476	1240	2421	1429	112	2051	2351	1887	16	2	10	0	4517	1757	578	1400	490	514	802	2244	5678	33	2	5019	4507	519	2332	4402	3103	10839	88	54	36	242	1976	851	830	1559	9748	9754	2877	878	2396	31	112	2137	3499	1578	4847	4172	1473	582	494	212	603	11095	2203	1465	8692	12812	10744	3084	898	2184	1643	557	630	1077	1436	2702	5222	2750	4799	692	34	4	2190	2770	322	976	1516	4887	54	62	54	158	614	354	444	302	421	534	28	20	22	12	32	32	86	164	396	439	72	42	58	8	12	113	267	1110	897	31	18
"SMGC_159"	212	150	294	119	1986	12758	82	392	129	86	2121	4899	15867	13837	1801	5960	16933	9028	213	53	383	250	10116	2643	49007	48899	6598	29432	17000	508	884	163	270	24911	21749	4841	15351	14275	8100	48970	430	206	339	2413	21844	6451	39719	46334	32635	23204	78361	63242	29863	3420	10393	638147	409263	376042	245978	223510	769051	36	30	144	495	1415	3633	2137	2412	3771	4174	910	321	5786	2455	5958	6648	5942	7432	8445	17427	3026	5522	23773	771	2188	188417	63706	354779	250955	121563	104644	1376	1493	2453	2345	25832	166049	6191	24044	21620	7325	506	244	738	273	376	864	4433	2999	7339	9294	3323	283	212	246	236	766	502	16977	2738	157	108
"SMGC_163"	169	98	28	38	1073	1219	84	144	346	330	474	1070	1970	1468	428	1438	2224	2702	44	35	6	12	3384	3441	737	2493	456	487	1258	1443	3430	53	130	3798	3499	448	2388	3297	2478	9048	102	62	36	236	1920	618	992	1567	6753	6521	2654	689	1761	26	108	1887	3273	1279	3798	2950	1015	474	379	170	594	7679	1705	1504	7551	10424	8285	2367	744	2002	1233	478	451	2526	1998	2394	4460	2265	4076	469	50	18	1537	2212	446	776	1469	2017	202	328	60	202	980	877	584	200	846	730	16	29	26	26	10	22	272	266	312	446	33	74	56	11	33	98	211	1056	1083	45	8
"SMGC_170"	7662	9035	8223	7513	18820	19190	6660	20727	5977	5389	7195	11000	3701	6825	605	2370	6235	6381	3630	5190	7325	6952	12152	1879	72861	71774	19122	82565	63855	7032	17775	7596	16594	46425	39967	1465	6319	12688	9444	31930	6410	6739	3997	23588	34760	15879	38571	55765	29429	30781	72784	11146	7611	978	2616	39839	32850	20956	19502	20107	39376	6883	10898	9231	24520	9837	5967	1704	12924	11988	20172	23776	7865	12047	7633	2352	2397	3796	4975	7185	14958	4894	8145	8384	4548	10825	11851	6697	20349	16890	11823	8344	7394	8753	10515	8869	9139	39336	7131	4273	19950	3225	5276	5546	6179	6336	528	923	1983	1516	4263	5510	2204	6925	7825	3538	4141	5826	7263	12092	10084	4486	7389
"SMGC_182"	212	144	343	118	6150	5501	247	132	14	14	164	556	793	1392	154	374	521	1361	19	8	11	9	124	110	6604	5588	808	1743	1925	71	158	30	8	1415	1056	317	2119	1314	1689	6349	284	222	857	4138	70227	17266	28211	30205	333253	232276	517480	281	158	22	73	4732	5237	3122	2592	2027	1331	20	18	18	121	405	1919	580	732	993	1687	55	11	350	201	135	262	1788	1848	429	1093	261	206	358	24	39	3459	2174	4371	4742	2631	3335	110	136	546	366	4334	4483	3282	484	3861	238	22	10	52	16	10	36	252	252	480	535	90	195	168	59	44	1125	632	4409	5968	253	84
"SMGC_184"	8532	6354	13556	8195	8548	8558	4874	16251	4565	4367	30249	36060	17168	14397	899	3252	37890	9662	927	423	732	692	19301	750	7744	12590	8921	6595	6420	29445	45953	7566	8958	30074	38473	2588	8847	28952	20602	66179	3125	2214	4672	31680	59536	18988	24020	29899	145915	91869	143530	28283	14359	1559	4278	44303	37219	16276	16735	43973	24145	3760	2753	16399	36458	16232	7661	5150	21996	18986	26268	46252	15097	15758	6340	2844	3380	4696	6525	11253	23912	9251	11312	7770	5166	13853	13625	11537	14129	12483	11507	9722	14717	15348	23813	17017	6853	16531	3412	7502	7150	4267	10589	9061	11389	10112	237	1460	790	948	3496	5070	2611	8247	6815	6434	5561	1413	1300	9134	7637	2588	4465
"SMGC_19"	53	67	55	70	680	787	71	192	40	28	141	233	908	881	342	1355	846	2284	929	100	40	46	6019	3	6847	12498	8119	8531	4493	2687	4269	1145	721	15732	14397	2981	8137	23134	16079	402466	62	29	18	231	1805	698	1878	2169	3942	2857	4134	187	93	14	34	1374	1412	773	580	509	1171	138	87	60	177	791	856	873	1230	1407	3245	650	178	3629	1634	675	1064	1053	1480	4152	8609	1771	2386	1624	28	18	536	3319	1072	1399	497	394	57	103	158	267	383	1041	111	739	714	311	53	38	134	59	18	41	144	148	287	401	97	284	194	222	217	102	48	2024	775	45	13
"SMGC_20"	17381	16297	529	558	6104	5792	134	94	3583	4734	11086	31889	4630	8566	705	1126	5439	5334	3362	3458	312	181	6389	296	61562	55908	6186	21238	11654	2563	11249	250	281	25084	12975	28636	250924	16903	9838	31277	1524	1868	774	7529	3132	1307	12068	18653	11259	17234	8049	25567	60755	262	892	18201	27501	7021	10869	23123	4799	9496	12194	1647	6975	5774	7160	2131	11070	21359	5432	93486	68527	31811	28627	2126	2072	4751	3500	7250	15997	6301	11411	2616	7298	238	9875	11367	12355	14542	8686	9594	9572	22081	1541	1907	8895	7956	5077	4911	4940	1574	155	244	1860	1486	261	992	2512	5943	1707	3673	411	15286	23109	456	1339	752	1030	13231	3328	222	134
"SMGC_200"	197	102	34	46	1259	1529	74	130	417	295	536	1458	2511	1427	203	1584	2095	4731	26	14	18	14	5385	3089	672	1324	688	677	1087	1940	4867	40	0	4469	3348	458	2255	3907	2781	10980	66	58	32	250	2071	768	723	1910	8874	9042	2595	990	3175	32	135	2527	4099	1883	5695	4287	1552	541	445	245	682	10662	2190	1874	8733	13308	10900	3368	987	2534	2094	660	699	1176	1420	3084	5712	3066	5615	702	88	6	1686	2373	387	1108	1599	3232	41	54	56	81	1052	627	378	627	963	126	18	8	25	8	22	18	56	192	395	550	65	55	39	0	12	77	134	826	986	37	11
"SMGC_203"	256	181	648	308	335	3898	382	623	70	148	120	196	86	148	2380	2858	186	346	6	4	10	2	296	0	399	568	118	194	152	334	893	386	372	1798	764	226	1239	1808	979	6438	60	40	168	699	317	88	733	908	540	496	1910	20	6	4	24	550	134	81	0	108	42	119	76	479	881	140	1773	112	414	470	512	945	353	1439	744	579	528	31815	23905	2077	4305	2700	3622	126	254	542	235	190	306	272	240	150	183	150	339	220	0	336	0	769	140	0	155	218	255	439	10	18	4791	3763	207	227	83	515	379	303	224	136	168	15211	1232	302	330
"SMGC_204"	80	56	42	20	561	12985	202	102	37	24	144	288	201	182	14226	19597	618	2301	24	16	22	24	1704	598	1307	1821	427	444	442	50	80	26	76	1094	460	416	1530	2005	1560	5509	6	0	15	92	384	178	3398	5528	754	1004	6121	30	84	0	4	184	324	114	384	147	48	34	32	6	80	282	3024	436	816	871	1043	735	246	2216	1899	1101	928	51036	46463	2911	5817	4052	7484	1246	6	2	596	870	254	864	571	430	16	20	10	74	270	238	88	72	0	0	34	24	126	40	24	56	28897	19477	476	514	205	434	420	31	40	72	32	15147	624	109	48
"SMGC_209"	50	29	87	52	1056	2425	68	99	78	46	1293	2437	29203	13323	25083	51749	33719	37077	18	8	40	14	5141	2526	7041	8730	922	2152	6797	279	583	471	472	20279	18182	3191	10145	12398	9097	49980	35	13	38	226	1502	618	4103	5976	2785	2755	8717	114	119	12	46	906	2359	928	2435	540	810	117	129	78	291	752	1805	6410	1464	2202	1542	454	194	5688	2687	1396	1737	3462	5576	3358	7844	2020	3592	2837	51	353	613	2374	3446	8131	846	4162	261	328	605	558	2366	2736	663	1032	1468	1038	15	16	54	48	30	93	965	564	724	4186	184	60	50	27	18	46	185	3328	997	8	14
"SMGC_212"	220	130	110	90	3038	3083	301	408	22	20	131	542	2405	2133	311	849	1224	3392	114	34	50	30	1886	666	5476	9059	3549	2124	1058	105	241	42	717	1835	1722	148	1217	2446	1546	10030	315	181	59	278	2738	984	2544	3064	7388	6227	9726	358	250	18	72	2658	4170	2551	3147	1501	1076	73	108	40	158	464	1051	1894	645	2726	1016	244	104	486	393	239	351	958	2581	983	2508	749	1338	32450	161	35	2771	3257	3330	7203	3396	4306	425	540	1554	1734	5899	3444	1045	8671	3476	1574	986	214	1973	600	744	993	3270	1790	48870	49917	2482	866	794	92	123	469	287	4196	2988	132	27
"SMGC_213"	31868	34313	19959	18650	39659	17509	13999	40617	15088	17728	17215	33572	3641	12381	599	2254	5879	7638	8512	7345	13950	12716	6221	662	13201	18732	14502	25589	25565	18437	52356	18411	29082	18153	16811	1190	5846	24315	16406	62713	16013	16635	14749	82894	61862	30675	15656	25971	55354	65192	73555	28574	25875	2692	8415	29043	36508	8484	11826	25454	7262	26752	37288	33211	87845	29939	15329	8715	40339	49138	60200	108157	30778	30719	16787	3690	3796	4522	6104	16183	31111	13602	21035	38590	15557	41464	8925	9881	6296	11230	13598	10098	29861	34835	46176	41107	11411	13158	4758	11899	13879	3790	13879	16946	18971	18416	691	2473	1466	1489	16531	21277	4021	24356	26703	9413	12391	9051	12513	26561	23095	9120	13993
"SMGC_218"	16668	10320	18844	13289	32457	41197	2020	5619	3705	2126	14715	27258	32915	81222	2771	24111	24778	22122	4579	980	591	366	126408	4852	31862	119671	173475	19979	19283	42908	90461	20756	17788	321896	217663	21658	90318	508400	369286	1587015	36179	19994	20085	99466	185300	53541	150143	226264	621692	557017	498712	607075	523173	8092	32596	669168	923598	294712	408529	914637	295269	15279	12433	47337	123917	95859	130295	40029	215821	239023	110814	114966	31870	488339	262763	47632	46970	65098	78216	134613	278044	91966	152441	70183	16537	42712	247502	407743	148899	295321	519318	377077	9828	11115	8127	8875	31061	49732	27134	81870	81075	29578	266776	120032	19471	5951	3563	5312	16145	11740	128753	144091	17052	20036	17199	9580	10671	3588	2930	51940	21625	1315	576
"SMGC_219"	404	146	68	39	558	1272	98	73	993	940	559	829	1603	10040	216	538	1063	690	270	82	967	42	1892	1780	1754	2096	1791	417	709	1968	5099	290	89	8477	4447	718	3490	14514	10830	22816	420	110	86	390	549	179	517	882	857	1016	1282	918	831	1168	139	835	1278	403	1790	617	299	18885	14663	1075	3426	9384	3393	2708	34090	53307	10824	2121	623	2962	1815	741	1050	1181	1382	2495	5444	2115	5163	43504	408	332	749	1337	1165	1436	728	699	2529	3301	512	972	5821	3889	3493	10069	7632	4948	135	57	113	46	622	114	562	404	316	308	1225	568	390	59	30	185	257	5738	444	48	22
"SMGC_221"	369	410	975	579	9395	41773	591	1750	796	496	15121	39370	122558	73296	9545	31966	122440	62952	1571	251	2853	2096	59137	1810	434729	405277	51877	260325	110640	3722	5661	1230	853	171777	154576	38440	108456	93918	52495	365596	2856	1490	2354	18781	168502	43760	310805	368050	268213	175919	628313	560105	258580	30983	86420	5694351	3377991	3146196	1990795	1920091	6942473	212	182	733	3553	7966	28244	18227	15892	18687	27311	5935	1949	41214	17494	49363	51119	42888	54883	73113	138156	19692	29905	147808	2183	17457	1694853	554285	3197577	2195283	1096152	938427	8776	8610	16197	11160	130968	1289786	42381	141072	163879	46367	1972	521	5230	1735	3246	6392	38149	23004	62601	76119	29059	939	1039	837	576	3519	1670	83447	12988	912	427
"SMGC_226"	33591	36139	85903	71673	70894	29468	29584	90196	19168	22941	37940	75458	8020	18481	1741	4965	15905	15673	12522	15856	14346	19402	16866	2827	34251	40010	29203	45281	35964	33042	92903	40680	88876	41022	39297	3250	13153	52279	41170	154569	17114	16623	15713	133473	110952	61580	34542	65940	79248	82334	128932	53873	35187	4173	14611	70868	87639	14006	21164	50361	14527	21925	32474	65681	191163	43050	28273	7178	66624	74300	78158	132544	47593	43736	25293	6117	7789	17130	21944	25207	68974	22757	42720	10842	30916	58389	18570	17586	21127	26130	21197	16580	28535	42533	53524	70208	16779	11061	2835	11298	8779	7054	29618	36590	38350	53243	620	3051	6544	5787	7305	12231	4809	33026	34164	66112	89477	19400	22586	37740	35177	16625	25120
"SMGC_23"	162	74	168	127	1414	9098	425	503	34	33	191	374	2158	640	1894	3481	2660	6226	10	9	6	12	395	613	588	1356	222	228	357	48	135	53	80	1179	1284	414	1854	2214	1567	7568	37	9	30	266	1341	556	5957	7573	2827	1990	6584	509	313	39	136	6591	6936	14049	12889	3465	3053	48	39	64	229	579	3878	582	1027	1294	1478	354	127	1955	1062	1127	1154	67564	81570	5083	11221	4620	6445	3508	63	141	2866	3070	5267	8801	6047	8937	64	82	115	82	150	1955	93	686	79	678	55	20	103	77	30	80	3321	1763	704	892	132	227	186	65	67	628	217	29229	2002	218	99
"SMGC_239"	157	121	225	184	2794	10024	230	529	112	59	960	3358	18221	11761	7552	20820	11768	11797	81	67	61	59	171794	2178	12595	18721	1560	3198	36976	3158	5122	10180	7046	601680	313867	30008	83749	153294	85263	956817	67	44	80	388	2605	1997	4263	9330	2708	4342	10839	567	327	35	242	6045	10871	3086	7952	1783	2218	106	105	111	636	1389	3909	9157	1960	5498	3368	3139	964	93699	43116	18577	19841	27521	33878	39469	80347	21050	24443	4774	190	131	1408	4827	16698	25904	1935	3206	559	543	1113	980	8501	17611	5743	4013	9677	3806	52	35	104	82	48	351	1191	816	1081	2036	236	195	140	75	63	364	481	10565	2128	143	45
"SMGC_24"	12	14	25	38	104	1420	12	59	8	6	16	46	278	221	81	8	322	286	34	0	2	4	186	2	486	830	299	287	281	30	76	10	2	212	122	34	190	216	242	516	84	66	6	56	302	110	948	1165	404	662	1196	2876	2326	130	422	13003	13694	192473	123160	13475	17064	8	8	8	50	33	478	32	204	177	144	38	14	76	64	18	146	269	240	48	190	43	234	184	90	213	25129	7063	87856	124655	23610	30552	42	24	52	82	884	5154	64	1163	276	242	13	11	4	4	2	2	72	74	21	28	4	56	63	27	40	96	57	4215	234	42	21
"SMGC_241"	14111	17689	706	1411	54386	22154	421	226	192753	426702	50074	160983	63652	85806	12966	15875	62528	68243	7143	7046	5157	2721	24232	1552	87211	70351	37927	52048	32792	14554	64716	2589	5824	115109	90930	4840	24021	57882	32548	136581	24631	34274	10045	125563	16922	5148	36980	46565	25271	29993	43477	58396	181231	783	2142	15776	26251	10331	15217	17949	8699	8494	9121	1784	6236	13054	16997	7081	38690	71844	30134	81726	52101	22991	21380	5496	6046	18593	13776	19535	40772	17840	33574	22270	38761	11448	65600	34690	45773	47042	41007	41319	244920	547458	5122	7998	85469	15288	11071	9062	20287	4574	3495	7035	1551	1110	695	2238	22833	45325	5509	11020	1866	15968	26948	771	2336	47640	74166	54094	21777	974	572
"SMGC_244"	285	201	58	98	2001	5293	56	68	1282	2377	3270	8558	1383	2112	287	574	950	1653	15240	14738	174	82	12111	469	19667	11064	2200	4169	2276	357	1349	129	140	71213	31721	3139	12110	10717	4851	33390	194	263	181	1495	2848	576	14534	18313	3956	4848	14087	824	2079	33	147	1948	3044	1417	1617	2126	1013	1178	1304	341	1198	5100	24851	7925	12669	23768	15885	2001	1104	2880	2462	1456	1111	13139	9011	2394	5765	2933	6470	3480	462	539	38270	17429	17040	18579	10519	13857	1922	4171	602	971	6842	5251	4104	2596	6856	1655	34	43	82	66	52	158	826	1216	512	1014	240	294	469	63	63	522	810	26074	1448	210	77
"SMGC_256"	66	111	19	34	222	742	318	893	129	193	384	612	3174	1428	2236	3656	5081	2005	4	6	3	10	850	452	2070	2468	442	573	1107	308	921	78	62	1786	1745	268	1037	1064	1036	5029	216	109	234	1608	16189	4552	16130	22261	33330	23988	63357	1430	664	168	472	12736	13666	9926	9993	7111	6503	31	50	26	96	106	1167	268	373	585	1373	208	161	518	236	153	327	565	1100	355	982	307	516	1506	168	37	3152	2184	8268	17425	3811	2973	29	40	26	34	1120	5671	171	372	882	374	75	96	164	476	4	26	99	96	66	150	17	74	75	27	36	93	428	1071	260	173	229
"SMGC_258"	53	44	36	61	889	5475	24	119	35	50	474	733	7979	4348	7712	13496	9706	7742	8	14	52	19	2242	649	2573	5108	488	2388	2990	55	91	43	70	5141	5508	1008	2473	3232	2219	6363	123	121	498	3794	32649	7266	58818	62760	35156	24216	172976	194	173	11	79	2248	4323	1820	1638	1338	1557	22	52	64	177	488	899	1061	752	1487	868	310	42	1795	818	317	394	1066	1688	797	1779	1284	1350	20956	65	35	289	992	2353	4770	599	575	293	235	808	1170	7514	13524	3986	3505	8784	544	40	16	48	39	22	59	319	293	641	755	138	108	96	46	32	138	117	2798	879	15	7
"SMGC_262"	38	28	53	30	1149	1873	30	29	21	14	128	150	1348	585	306	635	774	770	150	54	194	124	1107	6	81776	51783	12300	22981	22472	419	722	96	100	3581	2754	1855	9560	3689	2206	37160	28	10	60	403	11558	2283	9154	9675	23824	16627	18951	250	120	12	69	2805	5105	2785	3305	1600	1541	63	42	56	150	1034	11157	1936	3269	2866	3372	72	20	805	428	358	559	1699	1327	886	1862	494	716	347	28	110	24386	8457	25866	20604	14916	19035	117	132	249	196	20888	11276	912	1597	9262	84	4	4	10	8	0	8	184	204	49	60	15	78	142	32	36	150	43	5568	1059	46	28
"SMGC_265"	96	54	57	30	994	4860	28	213	26	16	326	684	1626	2837	341	750	2475	2665	166	78	4036	2238	1658	2094	98747	87422	19552	109444	82974	48	114	30	16	3628	2255	558	2187	2583	1792	6544	48	28	228	1183	7419	1655	20559	27570	10298	10213	31039	121	212	16	70	833	1587	2218	3309	1358	685	42	24	16	99	134	270	326	800	1092	180	223	111	1946	1608	571	826	1490	2467	1647	4402	1031	2466	4198	64	62	193	310	1258	2083	2083	975	860	957	1197	1356	4369	19900	2674	2061	8971	1803	42	33	206	94	127	239	1391	951	2421	3530	955	94	108	4	22	52	82	2135	874	19	6
"SMGC_271"	58	34	174	209	1970	2975	84	88	52	40	196	388	1944	1934	400	1367	705	1008	230	68	274	190	3689	101	132016	83782	17993	30784	35097	1083	1722	344	188	8691	9087	5008	26298	9588	5756	94980	105	84	166	1021	30139	6834	24461	24713	61012	41905	45302	648	346	39	180	7683	6179	6485	5099	3641	3287	114	119	204	632	2429	23046	4283	6054	5991	7865	350	152	2117	976	830	1008	4841	4182	2409	5564	1282	1776	2097	60	226	58168	17866	60221	47344	33086	44739	304	350	564	434	21093	25501	2327	1197	17446	532	12	6	32	26	10	22	359	407	137	221	33	156	138	144	142	220	87	4077	1025	123	107
"SMGC_275"	36	26	14	20	460	2110	52	46	60	18	205	356	865	392	266	477	1269	998	273	73	184	106	276	362	97768	48859	29343	26999	21979	20	36	8	4	326	257	142	567	681	554	2133	39	4	18	92	754	230	1755	2700	1258	875	2785	612	372	63	152	5986	5061	11991	8837	3660	5678	6	10	6	46	96	1048	64	209	587	64	18	16	130	160	70	46	1815	1662	170	604	185	367	809	62	66	6852	1770	10680	10112	7403	9479	57	74	91	82	328	1792	136	94	1106	72	42	23	26	10	4	6	188	192	24	68	16	112	64	18	6	453	308	2670	418	66	20
"SMGC_28"	128014	142317	177890	138131	248987	100424	115739	363618	76648	90399	149966	253325	27734	67757	2708	11707	51732	37326	55115	56050	51445	66988	56894	18480	92183	114682	90724	160432	144114	128476	365119	121100	232444	121755	117673	7888	33579	157801	122125	429403	74694	75669	59196	488205	554784	323763	162175	354309	274063	313681	553767	196120	124347	14096	48303	220334	274084	38620	60695	161771	39023	87568	127186	185001	513329	144556	72931	23488	220849	234443	270310	530903	183008	169450	91048	22487	26717	23965	39338	91522	225750	80518	133109	44942	83601	190334	54872	64125	19895	33848	65442	39260	143064	179593	224201	203823	47278	26054	10068	33908	39873	20571	152901	176811	130766	148687	4329	18637	6095	6708	40479	58391	27167	117868	122787	68003	70960	66561	89846	125545	132199	66083	104958
"SMGC_286"	180	172	1	9	503	168	2	4	393	997	241	850	352	465	60	154	227	425	58	62	72	34	357	6	20296	12626	2864	3014	1299	60	284	12	14	1054	1088	194	1359	561	275	1108	135	164	46	854	496	58	460	584	236	258	328	407	1162	2	24	235	348	102	252	196	69	114	214	22	56	136	157	97	455	1128	228	501	356	262	238	35	72	112	212	148	226	104	276	13728	312	2462	6686	3082	2785	3768	3545	22136	13856	34750	17436	64431	15400	2103	7518	2446	9293	424	16	54	34	24	7	38	86	174	44	86	48	131	257	9	28	131	106	254	250	26	10
"SMGC_297"	30	28	43	10	2215	3270	76	422	38	16	1173	908	5102	3914	3613	6169	4717	2943	10	4	49	22	1524	129	2247	5750	492	2204	2372	110	236	146	240	8462	8766	1582	5871	6137	4488	20026	530	373	1306	8601	77448	18583	226327	254540	98372	73153	584724	645	286	68	168	14614	13312	10152	9475	4981	7964	22	34	30	112	586	1296	1049	424	1416	308	412	127	7306	3290	1101	1398	3259	3928	2517	5144	3271	4954	1533	28	27	132	759	1329	2489	300	220	151	99	327	582	8345	10267	908	2426	3539	530	10	6	23	10	10	30	177	170	289	372	64	19	29	12	20	125	113	2126	528	34	16
"SMGC_299"	318	201	362	378	1582	6581	161	388	56	46	425	1101	3822	12367	709	3968	4285	2440	17	74	57	99	5443	943	4082	8859	627	713	4050	112	295	80	307	9552	12021	958	2942	6084	3961	6075	1488	710	1978	10920	112917	18491	342115	270294	165997	87756	890860	527	326	39	174	3325	5752	1534	3437	1549	1872	58	84	172	636	1005	4329	1727	2545	2781	2514	356	116	1056	746	389	444	966	2070	832	1675	1151	1388	6950	186	119	656	3080	1581	4185	615	661	1109	1147	2308	1564	12939	44105	3846	2926	15903	1350	498	376	541	237	154	341	1891	971	2703	2991	1119	317	200	290	481	292	588	7098	1951	146	71
"SMGC_301"	20	13	22	20	266	267	51	90	24	8	114	278	273	550	106	608	2285	2752	4	15	0	6	770	664	694	1599	126	255	17	14	82	6	2	555	804	187	782	603	560	2000	4112	2158	1405	7100	29256	7977	17675	22953	60018	49111	80309	8100	5073	1178	3655	125263	115961	40271	39587	42381	53994	6	20	46	95	213	436	396	471	749	1484	36	11	402	274	66	177	261	194	243	789	181	534	1456	68	12	799	644	3955	9669	1579	1119	7	16	20	38	235	1032	231	476	597	400	17	0	8	2	4	8	71	42	45	62	11	40	44	23	8	32	10	1854	220	34	6
"SMGC_302"	287	30	143	71	627	1044	33	88	375	26	262	325	1433	1034	297	1078	1364	10	297	22	272	19	1204	707	586	1728	560	281	1711	272	90	35	49	3407	2647	358	1072	2168	1380	4562	961	267	300	2196	12955	2850	27593	29327	19121	13737	80774	1706	758	376	383	10046	12226	8054	8082	6671	12747	351	47	91	218	568	683	633	252	782	422	244	47	548	277	242	254	476	665	431	957	332	971	1134	85	62	1259	1003	6502	12891	986	954	180	135	265	240	2066	6142	675	1197	741	388	62	47	47	43	169	42	137	149	182	217	383	382	73	154	205	86	226	1855	830	22	26
"SMGC_303"	545	279	469	302	975	1573	219	733	417	232	1594	2810	2445	2375	454	1682	5573	781	297	47	45	87	7983	336	1107	1950	338	457	951	763	1375	426	282	25043	13011	4430	14884	13211	8146	85466	486	245	202	1666	4809	1292	10434	11780	7229	6250	25513	924	489	62	190	2603	3265	1653	2917	1904	2282	273	214	500	1495	1195	10225	1963	3839	3959	3747	1825	608	4697	2134	3961	3991	4859	6578	7728	15626	3469	4113	1196	230	538	3486	1761	12455	18643	4613	6275	413	550	742	686	1365	4543	1518	2751	3042	334	241	222	362	368	38	169	584	387	921	1349	122	477	284	153	254	186	283	2807	700	99	181
"SMGC_304"	26	24	256	292	161	1896	53	81	18	16	37	108	315	142	158	365	383	916	1245	250	914	551	619	36	215890	184855	115096	81323	62816	24	74	91	268	888	1067	168	433	1722	1006	1399	37	26	18	65	583	222	560	1128	890	785	890	94	56	8	27	1310	870	1504	1583	639	2631	16	16	26	119	339	2160	1143	515	754	532	62	10	97	50	48	12	393	1041	116	326	40	154	172	42	33	2294	1650	4080	6023	3438	4413	33	42	35	148	214	1000	123	14	500	96	31	28	33	32	8	20	77	85	92	158	37	48	45	233	324	56	19	3090	184	10	22
"SMGC_305"	578	403	365	224	6562	25440	808	886	410	222	1677	2276	7517	5244	6532	11815	11517	10447	1467	340	557	356	4969	5373	182771	155183	76619	54014	49927	661	1372	245	92	11164	12192	2972	13487	13627	9456	92946	1331	881	94	537	6061	1867	16030	22416	10880	9059	19763	1861	1410	84	329	8917	14266	23758	19288	6994	8983	268	240	245	630	3250	19657	5737	9462	9209	9703	923	278	3658	1907	1677	1763	17795	17854	5230	11159	4491	6341	4777	481	1298	204358	81475	265444	266862	219926	275984	2794	3432	2223	1744	13850	73802	6971	2470	33101	1971	73	32	175	69	55	113	6696	7041	1025	1228	257	2069	1731	191	223	39383	31145	99747	26414	800	470
"SMGC_314"	267	233	228	155	1971	10964	202	243	509	245	2558	3746	9284	6343	933	5901	11966	6238	51	38	36	46	36568	1294	4626	14130	779	1763	3457	2830	4123	840	865	139880	73137	17837	55766	52934	27562	295817	29609	12373	3779	23977	161728	36786	212464	195011	243282	151402	664094	7908	3853	588	1404	70435	52940	58304	38498	23803	168128	120	104	237	793	1815	6435	2293	2391	5509	2574	4391	1164	18822	7671	13930	13456	18275	19074	27363	49093	13932	15417	24014	209	228	6589	5178	12975	17153	5106	4387	631	820	1182	1524	11763	22960	3246	25212	7463	2526	322	296	399	175	59	236	633	671	1081	1403	565	426	312	138	136	667	606	9349	3243	58	59
"SMGC_316"	97	89	90	133	1339	6853	83	236	55	46	495	1643	5137	2853	832	5034	2525	5070	40	16	16	12	2237	1387	1486	7622	289	775	2285	126	268	71	180	9179	7879	989	4437	5302	3213	18850	14726	6769	4772	32973	197304	45534	432204	441859	301732	200503	1208263	982	523	54	225	9653	12298	5034	4433	3984	8811	25	32	102	320	776	2316	874	1034	2149	1568	243	83	1385	895	549	857	1101	2408	1105	2714	983	1487	7126	47	51	1739	3006	10655	17748	1896	1376	3402	2896	5439	3864	39902	162863	12585	6669	47319	1156	36	61	78	106	21	48	283	357	365	413	115	120	110	83	158	140	62	6191	2434	94	16
"SMGC_324"	97	46	27	38	2357	2370	25	105	971	560	14718	19246	319146	139639	340991	759703	454040	527460	16	18	15	20	35027	1086	6514	9891	962	2028	8462	622	1026	1284	874	110610	63829	13666	37103	50720	29889	151824	62	26	38	228	1376	706	3422	5496	3039	2123	7645	46	64	2	26	358	1984	467	2470	358	358	72	82	39	142	494	1413	92593	1188	1889	825	664	210	7798	3829	2689	3152	4854	8004	6470	14218	3391	5371	3276	38	150	605	2312	10682	16441	1140	2975	320	296	602	502	3374	2640	1437	832	1898	1126	6	2	49	28	24	76	316	301	458	2449	90	52	47	7	29	105	170	3218	1174	30	28
"SMGC_326"	512	449	860	591	1053	6714	131	277	169	123	1035	1521	2815	1674	885	3645	2802	1978	42	44	77	50	3856	1469	2422	4881	595	997	4899	354	719	483	530	10847	6254	1240	4498	5723	4131	21794	1790	670	683	3860	27964	5053	46155	40922	36374	22222	129758	3868	1734	256	739	28107	21380	17121	10936	11352	34719	165	113	777	1478	566	1239	514	1140	1859	1383	2600	709	2452	1180	1121	1024	1916	2595	3038	4891	1875	1991	4776	183	807	8112	3964	16142	14486	5723	5469	2646	2348	4406	2430	43503	105073	11225	4315	23004	1602	828	721	1032	370	349	487	2651	1382	6007	5569	3637	479	382	411	413	189	208	6985	1020	88	63
"SMGC_329"	48	62	112	147	646	1378	43	94	162	74	2004	2390	2885	2117	367	1145	8172	1728	10	22	8	13	6002	8	1297	3164	200	389	1308	372	739	215	169	21375	6905	3510	12214	13633	7759	112752	466	254	145	1009	6288	1492	4979	6015	10821	7006	15152	486	282	37	126	3958	5191	2263	2504	1967	3410	34	56	85	300	562	3693	1098	1223	2246	1532	601	196	4288	1744	2732	2636	4370	5543	6064	11513	3002	3392	2545	35	75	2121	1911	6578	8048	2610	2122	78	110	123	258	2110	3151	878	2874	1887	1056	20	28	28	51	14	80	158	248	336	395	50	82	73	118	193	102	53	1955	1041	22	15
"SMGC_33"	60	40	78	66	418	2168	37	115	34	46	116	300	571	546	261	710	700	569	126	51	137	78	136	12	66674	43677	9760	13614	13040	60	227	50	68	1677	1347	414	1186	875	588	4896	38	38	16	210	946	275	1757	1442	1353	1136	2573	246	175	2	68	2142	2316	3066	3078	1341	1452	69	90	55	202	916	8255	807	1599	1086	942	95	61	186	146	64	114	597	216	284	402	99	123	9	50	90	13988	3628	18837	15640	13675	20321	175	156	202	213	2042	9931	899	384	4184	244	10	25	31	52	2	5	234	337	60	74	11	76	76	23	62	124	108	3543	562	67	32
"SMGC_332"	37526	21637	3558	1721	15456	21950	752	1178	1429	997	7656	12763	13834	23321	1971	10040	12367	8949	1417	443	547	303	28979	2065	91573	87478	54119	32734	25164	85566	135080	4870	3429	70968	52417	7723	32744	132499	95026	494906	16157	7493	6253	30067	32872	11246	29952	48823	127252	102308	93560	96972	73865	1141	4294	99125	131162	48403	63356	118952	48919	85482	44999	19153	41463	79520	63208	11721	126942	111660	70757	203242	40702	123110	61177	12675	11669	18376	23841	42110	86861	29575	44698	30851	7376	38486	143272	102528	162946	177993	187829	200743	262218	257986	9059	7760	28986	58232	10476	25902	41831	8940	30171	13325	5084	1490	596	914	4310	4470	18947	21835	2412	67492	48245	2683	1753	4144	2838	34799	18943	637	217
"SMGC_334"	1129	1191	603	641	3177	1937	468	1534	1327	1833	790	1828	924	995	182	742	2276	982	554	470	655	560	2645	1708	865	1613	661	1585	1957	1999	5244	849	1840	3938	2967	354	1715	3617	2654	8260	898	990	396	3607	3099	1496	958	1662	7473	7803	4125	661	1477	27	74	1798	2378	835	2611	2571	919	1283	1686	936	2934	7210	1726	1118	6290	8206	6593	4196	1483	2271	1597	422	470	1266	943	1917	3906	1986	3339	926	422	1000	1244	1157	283	605	983	2194	1072	2254	649	826	562	236	292	504	438	194	300	513	202	149	10	57	192	172	361	496	97	675	917	229	369	707	1146	1723	1299	447	717
"SMGC_336"	227	164	34	59	1533	1344	50	68	450	358	572	1395	2268	1412	205	2174	2302	2141	22	14	26	12	4794	4377	676	1660	730	761	1929	2328	5658	56	62	5651	4220	606	2646	4989	3730	13833	105	72	42	272	2468	835	926	2342	9797	10001	3551	1045	4051	36	159	3108	5250	2093	6381	4816	1969	660	491	257	826	12064	3024	2404	11679	15327	10161	4052	1192	3264	2712	775	719	1217	1518	3674	7071	3397	7393	766	52	11	2063	3510	511	1354	1873	4092	48	62	75	162	766	455	528	716	280	240	16	8	26	6	16	26	120	287	430	621	59	74	76	11	10	129	198	883	907	55	25
"SMGC_337"	949	610	302	170	5662	47257	1336	1430	219	144	463	936	2095	3086	1042	3335	3805	2872	716	117	112	68	2481	28	33894	33496	13771	10445	7602	662	1383	176	178	5715	4952	1264	5968	8513	6807	43555	7077	3786	148	1032	8083	2375	12507	15390	15337	13824	30430	3512	2491	87	438	12896	16492	27549	23956	9075	10985	501	443	241	806	3312	7727	2636	8093	9325	7547	1287	433	3189	1619	1834	1871	20596	18481	6440	12729	4930	7063	1686	462	221	35920	16099	45935	56304	41987	52050	4452	5260	672	716	2427	13873	923	1503	9794	1393	104	59	120	48	39	62	3155	3222	810	1134	166	3673	3036	172	119	4530	3321	160746	13284	1144	396
"SMGC_338"	157	97	135	132	986	5794	310	378	66	50	468	779	5750	3750	7023	11338	7354	16713	10	36	21	22	962	38	808	3012	399	436	626	92	231	133	85	2938	2588	1226	5788	7328	4907	24244	25	20	20	215	1096	610	4508	6835	2346	2267	5445	140	94	20	17	1438	3130	2571	3989	975	563	66	87	103	398	1268	13167	1996	3266	3414	4994	1121	294	6837	2812	4516	4570	279646	277020	18966	38323	17771	20982	2862	36	107	2133	3098	4015	6813	5195	7784	48	82	110	78	980	2104	234	508	731	1110	57	24	351	98	114	218	12340	5554	2238	2950	446	135	130	25	55	287	187	19197	1335	144	67
"SMGC_340"	610	501	568	1205	48662	83551	614	2824	732	636	2119	177065	112811	285284	33848	75118	13680	61652	407	86	32	59	40112	8821	13010	208621	1871	14213	23901	533	2983	240	6370	129779	98984	7691	1060796	7305	16353	25711	522	704	426	5081	10624	22716	13231	663400	25054	113734	113793	399	685	802	6231	2157	97356	2195	31639	1205	8818	382	120	408	80822	4204	8905	29605	3566	32709	3516	397	190	700	9229	741	17794	7941	43163	1028	17368	3444	29502	1075247	8175	192	6617	104004	3070	103481	13145	14554	250	2894	1734	23227	264642	68888	44268	416672	230749	174168	110	146	211	1014	86	975	2708	4210	998	4999	296	461	344	122	250	5761	1912	101758	11878	268	256
"SMGC_343"	6419	3773	1342	786	25778	96073	3428	3954	5290	2708	5651	9821	14097	39847	5493	12401	36037	18472	7789	949	373	280	17877	235	88089	87558	51725	29208	23948	7976	13945	1577	1597	50581	40120	8486	39266	85999	58447	337100	244244	103366	2652	12406	116766	31180	74382	94405	204915	166010	335130	39829	25606	937	3153	117363	133100	238567	167496	80496	94661	10404	6800	3906	9753	51868	93681	19385	130829	117986	129476	15484	4149	22357	10651	9792	9235	25097	29242	46613	90679	30190	38712	37474	4319	914	86224	59320	106592	120914	112194	138609	39747	42715	4032	3336	15763	47309	3967	21197	27740	9256	2443	764	1045	429	307	572	28202	24841	8996	9986	1892	32808	25171	822	709	15013	8218	235985	53176	4007	1490
"SMGC_345"	7500741	9629049	9381104	7696654	19759767	6245532	7377363	23002703	5834678	5723144	6757644	9469647	1135400	2897367	128188	505156	2501972	1690302	4753209	4680563	4584825	5507003	2211664	120782	5188199	5024208	4781641	11712953	10943993	7834608	18876101	7908857	16294262	6198549	5983371	301463	1228876	7452770	4851322	19238139	6442064	6819585	3412780	23959865	27573309	14441311	5930850	11571806	16180443	17909912	26003378	7293751	4208618	551589	1544130	8345829	8442809	1397349	1874964	5536141	1473913	6808074	10015463	9114421	21800003	10168196	5245483	1223100	12607311	10901591	20998676	21385228	7013992	7730376	3475534	897060	920146	984433	1290010	3847819	7868247	3209650	4189151	931165	4014144	9998423	2085504	2088663	767323	1111264	2556188	1588326	5466180	6516248	8040031	6026022	1420264	709240	343197	1084261	1658393	714436	4906621	5188396	4899868	5398665	134092	603899	220182	228278	1479873	1841552	1079292	6486391	7182685	3021508	2907374	6048519	8216105	8193620	9765231	3985190	6823040
"SMGC_35"	22	36	47	17	459	1250	27	74	52	32	234	352	2256	252	566	518	1283	1308	354	95	302	184	297	34	159172	79325	38085	41662	42857	46	94	16	8	576	555	150	675	929	673	2272	39	20	21	146	770	332	2743	3362	1664	1487	3654	1989	1238	143	495	16224	16357	36306	29655	12010	17079	14	34	22	132	186	1634	814	536	1316	666	85	33	240	160	61	110	2840	2802	311	728	198	388	1002	38	113	18392	6031	27318	26853	19519	23937	97	94	114	120	58	5338	287	2002	2530	282	17	9	22	36	6	12	215	205	76	170	30	80	99	18	19	129	125	3454	609	60	38
"SMGC_357"	203	158	42	95	697	4111	28	42	714	1395	395	1355	1037	871	142	356	453	725	182	201	53	54	406	485	3329	2643	1217	1010	374	95	320	40	86	2692	2646	4308	18722	1612	719	3447	184	230	124	631	3641	842	113839	129526	3967	4803	7775	443	1752	35	105	520	1001	678	654	561	305	129	129	59	226	395	540	473	574	1219	249	492	277	692	753	145	190	626	585	345	805	262	381	218	248	80	1160	1311	1123	1142	889	906	560	1514	130	387	1533	2155	583	1116	448	56	50	50	51	37	16	67	203	415	127	233	60	286	324	34	62	372	553	2957	474	69	29
"SMGC_36"	277338	275391	383026	278314	430763	198723	200195	612503	177626	179373	362547	575689	72809	137733	7058	31612	146606	99331	84425	85875	94355	120265	114675	7877	206917	257803	190480	315562	248798	262250	678360	241996	410674	279013	253049	18997	79277	425735	312376	1120101	125459	125388	130405	970969	1138919	662158	363745	771555	495399	550967	1180224	495371	305967	40829	130012	877485	910586	170439	211263	773096	181968	170149	229571	467137	1187836	290946	151502	47507	453895	452672	550253	1328741	432107	415971	209669	55272	64361	61747	93744	239390	547227	199761	315496	56501	151337	416043	116883	125445	49911	74962	145566	90950	337588	406022	544838	463268	100550	85872	28033	74328	99607	46496	222325	223791	259224	281932	6084	31127	9914	11202	65892	91372	48241	264244	253113	153608	153204	118229	151694	266036	268878	115097	181729
"SMGC_362"	77	88	153	72	432	5176	217	342	37	32	209	230	2039	1016	2257	3861	2103	5124	74	20	84	62	343	9	22033	12170	5305	4877	3869	101	259	83	120	1777	1465	648	3059	2542	1648	13136	62	38	118	546	2752	814	20861	24152	6476	4897	16570	205	107	23	44	1907	1504	3197	2415	936	1189	33	66	109	448	535	10497	2787	1729	1670	2774	330	124	1473	654	456	694	29114	30443	1787	3910	1660	2459	1500	21	141	5659	3483	13257	12361	7333	6823	118	108	141	60	2388	3647	152	516	1336	730	61	52	38	86	8	18	2276	2312	174	241	35	108	126	73	67	98	17	17371	579	143	64
"SMGC_37"	78	62	106	78	1173	5765	32	341	52	22	515	1271	8491	5663	5708	9375	8616	5977	37	2	221	158	6983	4220	6613	10608	1656	8839	9551	122	209	36	86	21571	23680	1506	4425	9159	5614	13904	276	176	221	1612	6726	1998	21851	24086	10958	9911	40864	139	80	8	67	2984	4563	1432	1966	1799	757	20	78	32	207	812	2745	1605	1036	1745	1228	457	133	1582	740	490	1102	2302	2750	1610	3407	5545	10873	7352	62	14	517	2856	1217	4067	492	761	166	203	392	437	4669	8692	2744	3526	3097	2527	11	9	92	50	54	145	684	576	1555	1765	166	105	88	94	58	359	332	5243	1857	48	2
"SMGC_375"	8	14	11	12	52	1024	44	38	24	14	30	89	2161	112	12132	14672	360	352	0	0	0	0	266	0	185	451	50	32	176	10	42	26	20	519	36	249	1281	1123	1061	4247	0	0	0	8	22	4	30	98	30	32	156	26	8	4	2	170	306	328	734	104	184	2	4	4	24	279	2906	464	512	688	0	88	32	895	448	348	370	42282	38531	1739	2932	1594	2646	0	0	4	236	1022	1208	1940	398	314	10	12	6	10	0	1975	62	0	322	0	2	0	30	16	6	16	1524	844	162	171	38	2	4	0	0	12	2	1333	105	8	0
"SMGC_38"	560	454	147	83	4079	16431	520	499	358	395	607	1535	2803	3074	1143	2578	3511	3472	806	224	132	140	2424	1047	62329	58966	23131	18585	15499	620	1352	148	186	6156	6276	1541	6200	8455	6335	47665	3553	2160	101	716	6143	1823	10572	15389	10888	9498	19886	3315	2836	113	417	12494	16354	30782	25929	9745	12292	478	337	193	582	2621	11120	2738	7486	8275	6495	1103	444	2274	1358	1068	1238	7254	8085	4056	8999	2701	4675	7942	416	423	70681	28716	91678	97096	79845	99409	3322	3793	981	768	2820	20806	1813	4445	9061	857	91	28	114	78	36	78	3074	3675	1470	1919	183	2524	2169	102	97	4276	4102	54825	8673	476	242
"SMGC_383"	190	102	14	58	928	676	28	30	438	268	5015	7897	3700	3678	255	570	19196	1774	22	4	8	2	2250	4	301	945	652	380	552	867	1888	18	2	1797	1783	218	1012	1632	994	4074	133	92	228	928	3529	900	1967	2501	28183	22586	8970	2732	3273	76	322	4805	8535	3420	5170	19205	3853	282	166	94	302	6577	1148	1110	3810	5028	3688	901	262	631	658	178	74	530	644	859	1830	964	1392	1082	12	8	2152	969	216	720	629	822	114	50	62	90	746	636	442	770	18	122	14	2	6	30	4	28	148	104	197	250	30	42	60	4	10	46	4	1411	706	38	10
"SMGC_384"	42	45	89	85	1392	3179	70	129	49	36	778	1819	12966	8497	13098	26426	15515	13879	76	70	411	250	32728	1980	192141	95085	14891	57205	64921	1119	2018	1907	1294	99959	81028	17402	57256	45729	31110	234222	25	18	47	279	2253	1090	7901	10155	3497	3099	21953	76	44	4	52	1130	2122	1459	2614	640	454	32	43	50	283	375	1821	2752	932	1929	421	1199	422	13099	6001	8504	11862	13121	17722	15298	35612	5651	10188	3026	18	76	238	2696	1285	3412	512	738	950	874	2150	1624	17475	5622	1991	2390	2276	1367	58	16	416	138	188	364	2624	1539	4117	5871	1841	58	59	23	26	98	160	4227	959	18	10
"SMGC_385"	28	14	46	10	276	6373	88	97	4	4	8	6	102	116	1368	2763	22	189	2	2	2	2	0	0	341	462	85	68	58	12	40	22	0	662	510	452	1188	1486	1072	4773	4	4	0	32	208	44	3360	4634	551	614	4082	6	30	0	2	20	106	308	686	78	70	14	8	3	6	36	1690	194	308	290	12	130	58	1183	1095	412	344	57121	47637	1682	3620	1870	3177	0	16	0	38	22	180	182	144	187	4	4	0	0	0	406	8	0	152	0	2	0	20	4	8	0	648	388	52	104	6	20	16	10	6	14	0	4352	108	36	16
"SMGC_390"	81	82	51	36	1821	5201	35	381	4374	2676	57261	72758	1532871	765730	1447166	2534577	1934669	1762564	114	18	74	59	7545	1169	14949	16662	2978	4029	12253	113	292	85	163	20130	13827	1212	5048	13241	8519	13178	44	43	56	248	2119	1305	2721	6588	3259	3753	9087	152	112	22	136	1556	5093	1299	3114	1117	628	86	112	90	432	1317	3386	1883	3968	5215	1387	359	140	1678	1326	827	1309	1422	3288	1829	4801	1292	2293	11952	100	398	1210	3422	6969	17053	2478	9664	418	426	556	725	6362	567431	5423	5000	8944	2398	10	8	110	81	44	164	1208	592	744	1355	217	59	42	10	24	193	148	8348	1252	14	98
"SMGC_392"	223	149	440	249	3191	10877	1039	1413	172	338	2510	7894	28150	20256	9343	21691	61177	33870	74	56	94	59	6277	1235	13495	81653	4435	6620	14568	290	556	268	338	18432	13524	2112	8303	21062	13281	37842	69	71	228	1784	5624	2081	7313	11710	11696	9066	39190	1061	670	118	341	13689	14468	87493	13463	5484	4262	118	128	1230	3660	11208	33736	7883	24059	25435	22465	1022	364	9022	3818	2409	2893	4507	7234	4522	9713	4066	5170	4499	203	277	5882	8742	62679	109174	12472	9717	1549	1618	31383	19446	23012	52365	9024	7388	25246	2107	186	176	830	354	374	803	3780	3008	8885	9724	973	257	290	196	320	802	736	11778	5558	552	207
"SMGC_395"	56	78	254	201	286	304	74	338	39	66	217	372	5057	1129	4560	7084	2679	14811	6	2	8	2	1546	8	783	1325	181	244	347	219	505	209	277	3932	1552	1261	3989	5659	3639	29028	27	24	60	409	2687	742	1283	2312	5432	4424	2284	88	41	8	40	630	601	820	732	401	552	26	30	174	430	156	1154	232	522	520	278	597	200	5933	2552	1690	2550	52224	48838	4851	10131	4181	5509	48	180	184	1255	736	1950	2677	1101	1282	40	50	118	199	1210	1221	94	174	420	80	28	12	132	190	24	42	8905	6848	526	447	110	80	64	133	164	14	30	964	68	70	71
"SMGC_416"	51	32	136	81	726	1158	28	90	499	220	6541	8261	9190	9053	2215	5468	37777	5715	14	2	4	4	2764	246	883	3067	2706	320	816	721	1147	26	46	1936	2628	244	1095	2744	2190	7989	40	48	34	154	925	395	866	1953	7379	4758	2369	2086	1304	26	124	2403	3405	1615	2862	9366	1936	289	184	122	341	6292	1478	2334	4563	4033	1536	858	179	537	322	214	198	353	764	721	1480	548	1276	1824	68	6	249	683	270	997	276	258	19	40	51	154	590	826	283	1112	841	1170	2	3	6	8	10	30	109	120	202	334	22	38	32	32	106	19	16	1463	375	10	8
"SMGC_418"	28	16	12	8	243	2562	51	82	16	12	26	76	46	36	3728	5270	215	1190	3	6	0	0	408	2	266	532	128	99	34	12	54	10	26	684	418	194	1234	1248	894	3856	2	4	12	40	218	100	1767	3048	418	708	4696	10	26	0	2	10	133	124	318	36	64	8	10	6	27	56	1280	254	290	614	318	246	126	1314	1376	452	494	44707	32510	1952	4551	2207	3842	2	2	2	176	230	570	590	284	500	6	8	6	50	2	232	2	206	110	188	2	10	42	14	10	18	2877	2590	102	190	32	57	36	2	10	22	0	5029	26	24	30
"SMGC_434"	12	20	0	2	192	276	14	0	101	186	108	252	840	859	28	280	365	162	4	12	2	0	4211	2	294	974	28	112	4	234	652	224	40	20111	9250	2653	9457	10961	4837	36859	264	168	66	456	944	224	1784	2770	2394	2820	2421	161	188	10	18	1238	1615	1834	1062	1178	860	48	36	28	182	514	458	76	712	1166	120	687	419	3339	4163	1024	734	1906	986	1932	4906	691	1674	1877	0	134	1327	1220	3466	3259	1216	1950	27	65	28	144	586	2539	178	20707	212	60	0	3	12	14	8	6	94	150	132	166	16	61	54	2	10	60	40	311	641	2	0
"SMGC_436"	198	124	40	32	1017	8318	287	344	165	555	177	534	538	1172	3821	3887	768	2566	56	29	52	12	1806	2	3062	2680	1870	802	454	133	432	78	10	6870	2139	1062	4975	5031	2964	23896	45	90	38	370	641	166	3595	4449	1078	1090	2674	170	672	6	22	238	1035	919	1014	488	274	188	132	39	150	428	6223	1970	1733	3388	1756	526	272	2130	2222	718	586	51589	33944	3297	6739	2973	5410	1430	91	36	1750	1512	3554	5283	5500	8204	657	1214	474	856	2400	19857	1370	590	21350	1746	26	12	88	63	20	22	6088	7578	335	488	120	737	958	45	72	202	114	25656	2086	629	290
"SMGC_45"	238	190	18	50	1588	1526	38	110	286	194	3048	6804	3252	2788	174	3225	7386	2818	44	23	2	12	3158	5369	887	1675	611	944	2415	333	948	26	66	1317	2148	422	1941	1563	1142	6225	304	244	394	1920	7172	2338	3065	4093	19876	18075	15278	1226	1961	24	148	1364	3020	924	3036	8372	1059	225	184	56	275	3032	1375	560	2693	3383	2827	701	308	678	396	129	124	592	626	484	868	450	720	306	84	8	3940	3536	432	556	2711	1701	202	254	80	222	1266	724	456	714	656	106	22	18	30	28	10	18	182	342	222	364	18	90	137	4	10	70	84	688	1105	6	4
"SMGC_464"	428	260	22	52	2138	2257	68	108	393	259	2691	6119	2785	3062	185	846	17466	2068	22	6	2	10	5767	321	536	838	1466	800	1304	17520	39995	102	90	16558	9722	2213	10493	16405	10515	24870	294	234	284	1257	4852	1394	2474	3170	45770	42028	13901	867	1584	12	116	1879	3089	1192	3935	5820	1377	538	472	164	456	10129	2841	2327	6481	10729	11272	1428	554	1637	1367	574	594	1091	1504	2825	5129	1801	4090	703	28	8	1435	2003	436	1668	1661	2518	154	132	79	134	270	1765	470	495	646	204	16	10	8	2	14	32	114	208	358	621	62	64	48	6	10	106	40	914	1152	26	4
"SMGC_469"	121	100	195	148	1127	4320	79	353	75	74	1136	3243	8017	7937	964	8562	8464	1811	104	41	196	128	10570	227	26814	27989	3410	16371	11801	355	674	138	160	29671	19282	3437	12595	12280	8173	34667	364	220	186	1474	14304	4374	23836	27897	21782	16739	48308	35663	17279	1855	5960	345560	229590	191891	133833	123336	411714	21	58	97	1100	768	2214	2705	1351	2083	1984	640	246	4933	2717	3658	4411	4213	6855	5504	13315	2230	3688	13425	348	1003	102043	35615	190342	140344	68239	55033	825	859	1555	1668	20335	80333	3197	12853	9640	5650	285	187	438	184	188	633	2259	1987	4073	5539	1976	185	176	318	433	325	252	12474	1038	118	56
"SMGC_473"	158	131	358	500	3587	18113	300	1070	368	230	1284	3854	13473	9138	1819	24240	10174	20507	72	41	28	27	26908	28161	5552	7353	1876	3956	19400	259	678	36	633	2397	18967	560	5655	2371	2841	12569	4	37	22	129	4844	1659	1199	6756	580	3856	5873	1011	904	21	260	4424	7818	1727	11803	3846	982	240	248	113	643	8364	5333	16553	7095	8038	17676	396	86	710	519	178	153	529	637	506	1230	482	1175	624	41	13	2773	3602	151	662	3184	543	42	49	34	192	1484	743	243	414	262	1428	24	7	43	35	56	43	175	263	310	271	37	140	147	34	16	386	1619	3166	6271	202	56
"SMGC_481"	72	44	83	108	415	666	89	103	189	84	3387	3093	2167	2331	202	262	4083	59	20	44	13	21	850	280	431	1611	214	472	879	324	461	26	152	2029	2474	146	696	1661	832	2405	537	283	400	2284	16070	4416	5643	7487	20536	11221	36764	387	131	28	53	1157	1676	464	1970	1183	623	57	51	27	147	462	608	193	514	649	469	196	52	221	102	70	142	316	322	254	537	254	202	1898	61	24	1186	215	15020	3987	279	239	226	138	168	114	4683	6454	757	912	904	776	44	49	50	60	4	18	77	223	84	390	25	52	47	92	110	90	71	971	66	41	24
"SMGC_485"	200	94	223	131	1286	1250	75	346	376	150	2541	3337	5365	1392	217	1742	18858	1849	28	11	4	16	4806	7751	1080	2630	796	1229	5468	3230	4023	122	146	5052	5974	537	1704	4774	2959	11680	59	29	40	257	1081	449	618	2588	1160	1360	3200	684	320	24	63	1823	3971	795	1498	2196	908	105	68	146	325	2284	683	1140	1909	1896	5193	554	161	618	324	200	262	471	686	650	1560	768	804	1104	48	104	5922	3693	817	777	3003	1256	146	166	232	154	244	1090	204	760	754	192	101	56	98	92	6	20	69	428	325	296	46	172	120	89	100	143	303	1538	2691	70	39
"SMGC_490"	327	179	373	330	2788	11790	235	449	306	172	835	2211	8811	4646	488	18653	5479	13318	36	26	16	26	28803	26660	2965	5969	475	900	17267	9340	16927	128	494	10864	22057	1763	7914	11066	9045	18537	466	306	489	2398	15956	5970	4813	11230	59211	47200	27442	505	699	16	170	3877	5722	1453	16525	2531	842	142	134	95	524	3721	5029	14607	3277	4837	8270	763	219	1292	698	391	354	1985	1736	1735	3382	1249	2380	2746	62	22	1034	1780	470	714	898	851	132	152	176	182	778	1394	1086	1783	812	1170	11	10	36	24	6	24	113	118	156	330	24	187	160	23	53	319	1492	4002	7138	205	33
"SMGC_506"	47	28	72	62	1659	4346	18	168	1326	504	6507	9138	6491	5410	1842	7151	13881	3683	82	26	8	14	4028	9	1534	9714	1833	651	2841	206	488	76	26	3987	6318	563	2838	4790	4375	14067	443	324	288	946	6447	2426	8086	10874	674995	474115	18209	215	120	20	45	1487	3707	621	4871	1105	879	106	124	84	418	5920	2063	2137	2823	3887	2238	436	186	1227	856	780	1520	2313	6437	2480	6550	1299	2988	7770	55	32	578	3812	953	1917	1716	845	44	104	135	248	2800	2928	1580	5968	4545	7648	20	8	38	60	28	102	393	448	550	2131	162	54	63	5	12	106	182	4962	1900	16	6
"SMGC_507"	12	8	29	43	224	3525	31	73	24	8	60	358	342	695	108	451	734	486	196	37	164	70	658	4	27852	27739	12074	5285	3416	48	90	44	74	1122	2780	965	3200	1793	1405	11072	38	20	10	74	373	136	549	1099	686	850	811	499	314	42	118	4733	6024	10931	9353	3307	4184	32	53	55	92	383	5811	1414	1673	1916	1273	74	20	370	228	178	92	454	742	551	1466	221	588	546	52	336	33174	21114	69058	71792	62930	81218	24	32	16	40	258	795	156	546	255	209	18	29	12	16	0	4	142	74	58	76	32	58	64	47	39	32	14	4717	289	52	38
"SMGC_51"	166	132	575	241	423	836	270	612	62	97	187	321	650	1269	418	3457	359	609	28	10	34	10	1823	2	8394	5992	2061	2207	3141	489	1066	539	550	10397	7729	2904	9616	13474	8518	65590	71	44	205	831	8956	2151	4916	4733	18975	14379	8205	116	80	24	80	1885	1759	1226	407	890	522	378	237	789	1907	5433	93172	19110	18072	15376	17634	1461	540	12135	5888	4089	4533	207876	182539	12188	25478	11397	13948	2	254	450	3714	1682	4460	4088	2712	3645	23	32	47	42	2459	1914	124	339	348	10	34	57	95	297	8	0	209	281	69	128	14	173	120	281	241	39	30	1183	320	147	199
"SMGC_512"	94	56	82	84	3240	7046	52	302	58	78	805	3233	20169	11892	9429	19360	14344	11943	16	26	46	49	8525	1757	13613	17212	1349	3579	41873	273	620	400	812	30419	22748	4167	13450	14441	9974	65453	30	27	58	343	2663	1454	5558	9999	2704	3599	11376	91	112	23	94	1184	5744	1443	6406	700	726	61	48	79	332	818	2383	6757	1514	4399	1478	703	250	15341	7235	3342	4645	6182	8194	7718	15672	9372	11886	8058	82	110	1011	4698	14699	23237	1353	3104	158	222	374	417	6814	260840	2772	4304	4333	2092	16	8	30	28	30	145	370	454	606	901	126	131	94	22	42	238	234	7912	1810	48	24
"SMGC_515"	91	74	28	31	598	635	15	50	180	128	260	702	660	930	46	1033	1255	535	12	0	0	4	2396	2691	232	431	265	271	584	1260	2766	32	0	2729	1335	290	1503	2347	1852	6757	29	26	10	121	1068	274	1112	1132	5484	5275	1366	411	1257	14	82	966	1979	814	3288	2251	773	376	296	123	462	6456	1415	762	5611	7749	5724	1848	485	1334	1002	337	489	598	573	1618	3133	1641	3197	749	8	4	1079	1720	184	342	908	2822	8	28	38	28	384	196	238	118	438	14	14	4	14	8	8	6	85	100	263	280	30	25	40	6	2	63	180	649	725	8	6
"SMGC_523"	61	74	81	58	530	5668	383	590	4	4	218	374	316	373	121	2843	252	362	148	28	32	28	1445	0	9174	10438	10074	1238	731	152	306	195	158	4255	1960	2864	12210	5921	4063	52497	7	4	6	95	806	220	542	752	1671	1346	1084	64	46	0	22	253	1186	1468	1088	376	314	74	83	221	560	1532	36870	7340	9243	7071	6919	820	268	5876	2768	2223	2880	112622	111449	8075	16844	7167	10708	0	2	28	1822	1188	2476	4121	1946	1822	28	28	30	88	324	613	59	293	1301	24	8	1	10	10	0	14	76	72	18	188	10	64	76	21	35	399	148	19566	1528	101	57
"SMGC_528"	74	78	76	127	1577	5955	50	351	61	51	834	1415	10119	16535	11542	18808	13930	15422	42	23	434	256	4037	39	20815	25029	3545	27832	12494	140	261	70	129	10355	9377	2228	6051	8112	5423	19078	71	56	223	1620	16155	4230	23641	29776	18363	15031	73993	472	252	33	125	5612	7347	4591	3924	2732	3752	46	111	70	405	1444	1849	1425	1626	2532	1468	509	175	4438	2528	1131	1353	2746	3863	2040	5283	2324	4459	7895	128	111	1078	2461	1929	5700	2402	1139	2237	1917	5904	4712	48130	49169	7241	3236	28194	895	54	14	230	101	56	204	1261	729	2460	2665	737	104	63	50	63	161	122	4172	1054	17	17
"SMGC_53"	42	58	22	90	2213	2717	180	212	38	46	210	990	14973	6784	445	5630	1576	4058	42	12	122	44	2252	2715	3718	11960	2716	2346	5763	213	620	76	8	5794	8191	1444	9347	6921	6430	16320	12	18	18	154	726	1486	1113	3904	783	4446	3561	136	292	16	214	1916	5399	1239	11201	2327	812	708	674	438	1662	4360	34627	10995	25680	39163	5546	32026	9578	29315	20159	5216	4641	10283	11633	11805	23990	16421	33688	16122	158	48	270	4933	382	4532	32788	582	2534	3043	6699	6754	58129	4842	10670	5942	17797	3686	16	2	60	78	28	142	603	628	401	726	165	64	72	10	28	146	296	4886	2900	20	24
"SMGC_531"	115	107	179	182	1198	4011	171	418	523	375	2336	3240	4538	2390	1462	1802	11190	2845	749	178	457	240	834	625	155856	87306	62077	52838	46998	173	491	115	182	1528	1374	600	1218	2764	1834	13188	64	32	54	594	1620	516	2356	4373	3060	2447	2931	2052	1206	162	483	20724	20853	56947	32779	13792	24130	41	46	149	608	312	1770	734	539	1090	411	243	91	585	316	244	392	4247	5129	731	1597	612	424	1420	158	1045	145030	65991	233148	252923	279114	308515	815	822	1680	1084	4145	62921	3307	2478	57614	1785	41	36	31	111	18	30	280	240	228	294	50	315	250	146	129	359	181	9148	2273	146	121
"SMGC_538"	164	236	134	92	1266	11504	206	290	396	296	1188	3283	7404	4661	15205	20527	8604	77490	4	2	4	2	1955	3	214	1476	172	155	1042	376	1164	216	304	9268	6318	7146	30926	20702	14293	63240	36	44	112	576	2475	988	34285	44635	6438	8287	46164	74	201	6	16	746	1704	274	1651	192	162	246	225	182	833	2924	56382	18188	12144	18270	9354	7027	2699	27431	23539	8992	7528	563811	502559	42073	93246	37932	73342	1734	18	4	108	400	489	1575	496	410	12	34	52	60	1888	610	478	2018	3723	1366	2	6	16	20	10	62	1307	796	96	459	34	118	126	10	34	179	140	14916	724	160	81
"SMGC_539"	254	236	681	491	4239	10258	243	1746	189	130	1066	4233	18287	9690	796	22807	4875	16988	62	30	33	18	26998	63575	4880	12661	854	1696	25628	323	515	22	605	3245	13987	916	5431	1540	2002	5506	47	31	30	307	2602	3386	1486	13213	1776	5315	8013	1162	1028	42	227	9229	9159	3490	16635	3571	2720	109	107	116	695	5697	5523	21507	3873	5423	14504	1721	598	832	471	271	348	698	1090	1150	2490	2108	3819	1261	5	10	1576	930	182	554	531	223	45	56	69	71	560	795	126	498	29	64	7	11	16	15	24	6	29	83	68	66	6	362	288	39	41	432	1722	7032	8836	327	49
"SMGC_540"	220	162	113	86	1679	1046	46	74	320	162	939	1984	2557	1458	136	416	8767	2914	20	14	22	18	3943	5451	1881	1607	818	2496	1393	780	1660	12	36	2777	3798	270	1454	1816	2071	5932	31	22	20	124	740	218	593	1505	1338	1239	1194	697	1154	18	78	3223	5415	2175	4827	3683	1525	156	142	88	236	3299	424	1886	2260	4334	3339	663	164	679	645	233	232	540	356	805	1698	598	1110	818	4	10	3937	3796	430	1262	3387	1429	47	52	70	256	732	1201	462	531	708	1085	6	0	16	10	2	14	99	242	112	159	38	228	228	22	14	270	455	1456	1823	78	20
"SMGC_541"	371	222	73	104	2240	4269	78	156	378	304	650	1540	2232	2101	168	1977	3662	2656	28	10	24	8	4010	4017	835	2953	708	750	1850	2237	5835	47	98	6429	5581	617	2892	4880	3574	12328	90	64	44	288	2233	867	1263	2000	10957	10253	3097	1440	3524	56	211	4032	6845	2598	6022	6450	2624	648	605	272	868	11840	2506	1553	9739	15546	10707	3256	1071	2842	1966	708	808	1219	1576	3071	5838	3206	6190	2106	56	15	2108	3236	398	1313	1686	4448	96	108	111	280	656	2393	868	1256	1200	1642	22	12	19	6	86	34	126	167	391	645	65	238	263	16	26	254	392	1866	1711	99	28
"SMGC_544"	62	69	112	66	873	3448	44	330	260	204	2023	3129	4788	2699	297	13919	12328	11235	24	11	16	4	8475	110340	1218	2113	245	527	10916	701	1361	18	372	2630	5406	210	3756	2088	2171	9438	60	20	30	181	4374	839	656	3994	7219	6782	5116	1431	1715	50	112	2955	5600	1557	6388	9566	1791	105	72	42	192	2955	1590	1808	2663	5495	2444	1837	566	1362	833	350	681	630	736	1921	3956	2145	3710	38	20	8	517	468	160	322	630	268	40	37	44	36	144	2994	96	454	526	128	2	4	6	6	3	14	54	272	113	170	16	26	28	6	2	142	322	1726	2003	62	20
"SMGC_545"	134	100	282	138	2775	7921	129	722	119	103	568	1872	6428	7529	762	5674	8235	9704	1262	50	23	48	4377	1494	2477	22309	826	1992	2205	180	404	128	109	8407	10453	2099	4178	6407	5159	15101	106	72	46	496	2182	1545	11970	26551	3504	3956	12450	137226	53184	6110	14687	1342573	607440	525833	364876	557978	715113	64	119	177	966	2202	5714	6284	3789	17539	3591	511	178	3347	2239	877	1775	2035	6807	1872	5318	1709	4604	48519	688	153	1292	5518	1871	5994	2132	2112	199	385	435	1505	18656	200462	4915	47040	18014	6657	100	69	183	127	390	136	325	730	299	1211	83	124	164	147	226	399	280	16175	2875	66	82
"SMGC_55"	213	138	54	32	1404	963	56	64	355	246	445	1129	2537	1596	145	1470	1919	2902	32	0	9	2	4906	3746	685	1550	526	598	926	2057	5374	67	26	5462	3219	540	2814	4767	3435	12421	64	96	30	230	2959	1166	842	2045	8835	9286	3166	824	2394	45	124	2106	4035	1449	5122	3949	1189	615	524	272	751	11090	2777	2453	11178	16856	11835	4101	1365	3338	2248	823	787	1331	2142	4031	7576	3776	6817	2111	48	5	1584	2399	288	899	1350	3172	30	76	50	224	1318	540	468	440	82	226	12	2	14	14	16	28	112	188	301	419	37	58	56	3	4	133	166	893	1731	43	8
"SMGC_56"	146	97	352	168	2072	7163	132	328	104	80	307	367	1977	1285	278	1152	906	1864	148	37	174	101	1420	1608	59654	40856	9925	16205	14077	453	842	246	71	3465	5910	1941	9964	3655	2734	36753	89	82	168	813	16532	3950	13070	13865	34858	24264	22885	611	281	51	124	3943	4324	3453	3192	1966	1426	131	101	326	636	1769	14498	2825	4508	3887	4819	901	257	1147	414	342	529	2834	3413	1075	2369	662	1136	2555	137	287	23284	9387	24585	22225	15737	18912	303	410	587	507	27508	9729	2662	1011	8286	250	177	151	218	169	7	53	189	215	120	203	40	283	225	159	113	179	150	5297	1238	129	110
"SMGC_573"	80	54	71	51	614	8753	30	206	96	84	619	1236	5819	3460	145	2338	8141	3988	18	4	6	4	2596	7926	606	568	891	528	2275	2959	5448	44	586	4131	7293	872	3396	4123	3648	9410	53	26	30	147	1055	1186	696	1956	4243	4660	4637	1986	1474	36	66	3149	6982	1641	8669	10601	1876	30	47	42	142	1499	646	4913	1109	924	856	378	110	583	334	190	392	224	588	756	1614	456	928	2525	0	9	768	586	123	750	442	392	62	72	35	74	320	416	2	292	1038	0	6	3	16	2	10	2	32	34	153	130	16	45	94	6	14	86	155	1299	2033	18	6
"SMGC_590"	102	75	543	387	940	4906	115	481	51	40	346	1833	4760	6252	1149	7189	1886	2456	26	34	22	16	2627	20	5144	15445	723	1477	2216	127	336	114	325	6844	8594	1360	5384	4004	2744	5350	4014	2069	3295	23019	179592	33499	371108	333501	269545	165078	908184	476	238	31	96	4856	6154	3977	4563	2475	3059	41	46	51	339	918	1414	1244	936	2559	467	209	105	841	540	346	479	978	1184	601	1971	782	1223	16389	157	90	3662	4408	40233	52968	2582	1831	1240	1007	2187	1535	2365	15145	7312	4853	17690	1538	63	102	99	109	6	72	308	306	371	483	79	185	170	353	444	508	654	29383	1610	166	56
"SMGC_601"	223	157	473	366	584	1934	123	280	129	77	592	684	1729	362	276	1582	1864	528	420	102	292	170	390	496	113009	64899	34824	31695	33548	147	253	194	184	929	786	240	1141	1293	696	5295	53	30	103	545	1975	970	2593	3282	2667	2443	5339	1307	800	112	365	7654	6963	15133	10647	5279	7446	83	52	359	604	193	1703	784	772	965	668	1279	339	656	254	116	198	1899	2081	441	907	368	622	430	79	364	9125	2451	13602	11190	8369	10166	421	491	726	512	780	3200	136	553	1991	106	246	230	301	134	8	51	124	169	100	158	79	297	202	305	323	91	118	2955	551	105	60
"SMGC_611"	12	10	4	6	34	227	6	4	28	20	82	126	226	24	16	0	702	86	2	0	0	0	3144	2	2	52	18	60	2	125	373	224	110	14265	4549	2190	9603	7902	4668	40676	6	8	4	40	212	98	128	128	112	58	54	35	62	6	2	184	386	166	58	163	104	8	14	6	30	71	134	74	538	184	116	442	155	2780	2194	1071	778	2176	1942	2885	5398	1122	2300	1008	0	0	22	424	12	50	28	10	4	2	0	42	48	183	246	276	2	772	0	0	0	0	0	0	46	24	8	30	0	6	10	0	6	2	0	92	0	2	0
"SMGC_617"	12	10	21	16	332	931	14	34	4	10	66	791	869	780	142	492	797	214	6	4	4	2	198	4	806	2700	126	287	1536	28	78	10	86	886	1687	264	1028	886	740	3093	11183	5597	2644	12896	47096	12947	13139	17627	87368	72677	106756	252	204	40	110	3679	4912	1242	2032	1245	1370	8	7	2	44	103	648	1384	230	802	570	36	14	384	192	121	72	307	404	185	642	185	377	794	6	7	435	282	1033	1843	547	729	20	29	18	68	358	364	112	1272	358	2517	2	2	14	4	0	0	26	40	18	44	4	18	29	13	16	29	38	1635	76	4	0
"SMGC_619"	125	91	1443	1239	736	1063	109	140	69	18	94	293	148	1438	84	586	973	130	24	8	58	34	427	152	9023	8309	1820	1222	646	242	445	836	1583	3076	2421	5133	16793	5362	3656	90877	16	4	29	292	1064	352	702	1120	2308	2108	1987	586	356	27	80	813	972	567	614	480	399	3	10	586	1284	164	314	294	304	328	162	2137	643	2220	1146	1175	1102	1596	2716	4655	8768	1254	2100	4	52	194	324	688	385	626	396	330	482	416	839	640	968	9684	2026	1375	24580	1228	4	4	112	72	0	6	23	126	92	128	10	165	158	917	1403	104	10	1442	536	32	30
"SMGC_62"	98	67	120	161	696	4091	63	139	34	28	163	580	1046	2233	505	1098	1287	1008	10	7	14	22	3808	70	832	3670	205	223	6644	58	119	42	172	7102	4384	528	1834	5435	2710	2914	330	154	1925	12988	10056	2776	31782	34968	16987	10570	43412	154	124	18	71	2250	2523	1319	1143	1064	926	23	24	46	275	370	813	268	452	1312	1159	129	42	773	458	128	320	451	634	417	990	577	1008	4606	33	53	465	2357	12699	20244	869	916	115	153	225	326	2943	11065	956	1919	1698	762	22	39	42	22	9	56	78	223	311	462	34	104	97	112	150	137	16	5705	843	26	22
"SMGC_622"	100	58	8	20	622	5483	141	212	12	10	38	102	264	416	4169	4932	709	3362	12	12	4	8	1442	0	718	1000	710	296	74	48	140	18	36	3451	1546	548	2510	2630	1453	13286	6	6	2	36	266	104	2124	2814	528	638	1784	18	42	0	12	75	326	164	418	101	86	32	28	24	58	205	2184	746	473	1326	254	326	180	1749	1553	593	724	42349	33277	2676	6161	2917	4927	254	0	2	436	540	1307	2671	1585	2242	112	230	196	458	1568	8912	622	462	10318	1218	24	10	68	24	6	10	4587	5492	154	312	86	358	496	29	34	103	127	15210	1307	365	163
"SMGC_66"	161	139	302	138	2304	6792	66	194	487	252	2134	3367	3945	3306	1638	6678	18110	8377	24	33	24	33	3467	827	2544	8563	694	1681	1985	232	514	123	167	8404	12993	1716	5636	6570	4920	10920	21515	12869	1974	13370	90958	23326	59812	73761	110125	78907	165789	15318	6513	852	1982	140218	67590	80861	46892	49781	115857	46	66	80	310	789	1570	1191	1896	2317	702	603	195	2036	1209	671	1256	1489	6655	1944	5215	1698	3283	30970	319	136	4738	3916	20419	29215	4008	3136	118	170	236	814	12368	21869	2469	21527	7067	5758	35	23	58	46	30	96	429	479	622	863	93	296	221	115	151	390	420	6813	2068	61	30
"SMGC_7"	66	46	189	130	1198	2537	118	82	184	174	736	1188	867	2259	662	370	4578	2893	168	74	253	162	344	148	131474	110223	18092	36197	46077	55	106	75	80	718	785	509	1160	893	1038	7789	32	24	41	202	2213	784	1775	2276	5007	4002	5918	1249	672	151	324	12972	13621	17002	17859	7795	10073	7	25	45	130	19	927	154	374	452	81	147	50	253	124	151	318	1036	1204	421	835	245	316	985	106	59	1923	926	2323	2695	2586	2282	54	122	154	92	5195	9442	265	903	5236	98	29	21	36	55	11	38	80	181	99	253	30	109	99	131	191	169	119	4077	1636	45	33
"SMGC_70"	781	710	2760	1373	1367	7644	1546	3405	480	559	643	1374	620	1171	1243	6544	1157	421	170	108	125	94	1380	1445	1525	1686	703	615	640	1392	3546	1392	1528	2999	1654	570	2145	2906	1630	11971	721	435	785	3729	2152	849	1098	1744	2171	2325	4328	339	169	79	286	2110	1112	531	233	782	677	533	376	2456	4457	1339	1530	950	1696	1916	1714	3142	1459	1088	500	374	383	3656	2640	889	1753	884	1107	1798	994	2454	11422	6304	21021	23755	6673	17644	624	660	990	707	10159	39822	1507	1282	36262	1684	414	517	967	1818	56	105	3465	3380	311	506	194	1055	941	1238	1080	368	364	13895	2118	988	1219
"SMGC_75"	84	84	299	207	1639	3163	106	224	78	59	181	356	2232	1658	464	2054	876	1556	235	96	199	186	3380	5964	76010	46168	10899	19937	18062	589	933	258	454	4856	5427	2531	14258	5360	3555	48755	140	94	127	834	20118	4684	15643	16731	43676	29650	32389	542	347	60	199	5676	6461	4051	4099	2650	2326	166	145	172	468	1867	17680	4044	4482	4555	5143	295	123	1272	727	636	1006	5750	5029	1473	3224	957	1575	3411	123	143	26097	7266	27627	25813	17016	20056	228	288	350	298	42479	13369	1653	1883	8742	1891	87	66	61	62	10	47	263	487	134	205	98	157	220	149	215	237	234	5806	1081	105	72
"SMGC_76"	282	259	2439	1767	5854	21090	502	2016	250	187	701	2294	16608	6771	1983	18024	6315	26922	681	374	744	580	105430	284912	342154	217733	37105	76796	90797	2718	4698	743	2953	19484	20703	8984	55997	21580	12310	202231	320	229	337	1880	43674	11421	36253	42477	86247	62643	85986	1683	1117	227	607	34082	21281	19661	28730	8894	10659	524	370	540	1672	25255	41969	91892	15855	15385	37502	1167	402	4606	3801	1883	12159	7890	15444	4486	13036	3540	15298	145095	954	874	166994	62427	174334	140875	98989	126939	1035	1446	2185	7498	85020	82462	10878	64795	67860	39125	192	186	200	204	63	246	1353	2198	494	893	180	395	475	915	1308	694	2828	11074	9194	866	365
"SMGC_77"	1366	979	2779	1889	3030	23565	2045	4218	603	910	1094	1564	8605	5428	10486	18938	9097	24449	372	150	302	281	3315	1642	60740	31093	16065	14420	10394	1841	4814	1882	1771	8330	4085	2877	10265	11810	7831	59399	779	510	1211	5914	9294	3035	58429	62465	19243	13947	58581	844	507	92	367	8398	6100	11010	8141	4057	5368	770	664	2790	6517	2555	44320	6842	8147	8086	10441	4270	1984	7103	3243	2388	2408	146421	126576	8551	17062	7704	9699	2158	1455	3208	21268	10306	43346	38549	25792	27456	281	408	365	466	2197	11285	454	1389	7858	629	334	514	983	2061	84	136	9882	10038	823	1194	228	1260	1015	1508	1408	864	665	64977	4093	1135	1146
"SMGC_79"	191	190	522	520	2907	4920	300	400	1298	1187	4517	6345	4783	4548	1848	4155	23969	9656	159	54	70	64	1967	6349	10170	9144	4068	3100	2937	137	316	144	391	1584	2191	441	1879	1872	1485	8246	338	140	95	612	11914	2848	7318	9204	23601	17093	12730	623	450	36	203	4192	4799	2906	3490	2105	2126	85	118	106	345	568	2182	1338	1417	1474	2373	361	117	637	371	227	277	2237	2398	683	1431	531	973	5391	209	173	8034	4016	33053	40086	10832	12786	784	1183	1081	1088	17383	41209	2361	2062	27277	1424	52	49	58	87	23	29	398	415	171	264	49	430	414	358	579	351	502	10913	2879	104	114
"SMGC_84"	486	344	160	172	3761	3591	407	665	75	47	185	718	2987	2236	314	817	1160	1666	335	111	127	73	9375	1372	8403	11664	13722	3925	3019	1010	1804	341	661	17492	13602	782	2892	19349	12400	79423	1671	695	69	508	4523	2070	3724	5356	9273	8185	13765	675	436	59	174	3101	4267	2673	4393	2099	1537	160	174	95	297	705	2288	5566	1516	3613	2267	2416	654	3749	1909	1933	1902	2641	5069	9470	19329	8196	9920	37458	523	121	5001	6758	6240	10235	7539	8135	922	1089	1848	1990	5212	5732	1843	10951	7875	2902	450	163	925	255	342	485	1514	980	20010	22453	1043	1505	1322	148	134	652	389	6351	4106	144	53
"SMGC_85"	136	98	223	161	622	2152	106	231	152	98	357	703	1454	641	429	468	1463	1052	475	198	345	228	1264	2224	109084	57091	31914	28959	26281	114	340	109	193	878	925	266	1107	1585	1250	4481	225	155	45	423	1659	577	2698	4191	2545	2330	4426	1059	686	143	491	7740	8547	16420	12019	5803	8005	194	169	123	408	466	1939	761	821	1226	912	333	140	429	237	190	259	3319	3478	416	1245	386	840	2192	122	155	10539	3883	17052	19122	12799	14594	156	185	202	370	1008	3832	455	1433	1833	434	86	81	108	64	71	78	424	463	246	386	89	232	191	121	134	344	367	4197	1167	107	57
"SMGC_88"	63	64	90	86	1061	3140	79	113	77	49	277	383	964	1341	925	1241	1253	6792	224	76	194	185	1769	861	45479	34303	16248	13616	12589	293	616	213	175	3708	2513	3763	12460	5914	4156	47657	441	221	52	215	1602	378	3165	4771	2996	2578	4665	423	366	39	142	2307	2645	4751	3247	1747	2096	114	97	88	241	569	9225	2067	2258	2286	2222	274	97	1764	875	702	879	4293	3609	2655	5131	1062	1958	2070	280	699	110324	43342	168584	170332	127104	185316	1908	1855	1443	1164	6407	35162	2660	1359	35735	1485	91	60	103	47	35	70	411	330	1219	1464	129	289	251	85	113	449	420	7365	1404	129	58
"SMGC_90"	991	576	623	327	9954	36054	1116	1335	1018	630	3608	5039	11232	5987	4165	8182	18961	14411	3420	1121	1640	815	7910	6436	566278	418627	180630	158249	174551	1462	2632	524	445	23314	19598	5830	26433	29556	19850	210059	5473	2901	179	944	9508	2977	23528	33770	14406	12152	28478	2733	1721	135	523	16461	22891	42357	30542	11888	15440	611	612	547	1512	6507	36880	9938	18584	18223	20727	1522	434	6373	3259	2924	2920	19010	19790	8698	17580	6670	9279	10134	1460	3273	678035	209321	863231	741253	704706	899218	5095	5820	5160	3871	31094	157558	11521	3459	83524	4221	134	106	399	211	92	197	8549	12474	1703	2380	409	2422	2141	485	349	10453	10548	76279	15524	899	437
"SMGC_92"	828	565	590	359	7670	33953	1104	1224	510	331	1652	3037	6391	3909	3192	6773	9803	8070	1862	592	739	483	4007	3232	242787	193756	80787	69506	72271	750	1548	303	241	11659	11327	3342	13946	15437	10589	104328	2532	1323	112	738	6552	1986	18397	26759	10938	9093	21327	1900	1503	135	519	9625	15388	24352	20004	7370	9169	509	418	322	931	4117	21994	7822	11636	10589	11869	969	270	3685	2031	1746	1465	15108	15887	4935	11240	4341	6250	7834	548	1555	306661	102290	384487	354342	310655	398735	3006	3671	2725	2166	17265	77102	7392	2731	43029	2313	97	100	179	127	77	143	5471	6883	1147	1538	362	1918	1666	300	236	12586	9957	68261	13678	671	323
"SMGC_94"	305	229	719	557	512	756	292	677	227	245	761	930	1808	662	459	1952	2595	1427	356	88	134	118	1189	1628	54826	35866	24996	17897	8868	355	1001	320	546	1343	853	167	851	1331	908	3155	115	104	150	1252	1083	421	1085	1738	1234	1401	2827	254	185	37	137	1444	1610	2537	2228	986	1490	177	138	448	1555	367	1046	505	787	753	832	776	332	400	208	116	226	696	634	278	732	216	442	977	431	477	6264	1872	11917	11224	5944	9608	342	474	752	682	3219	20640	857	552	10456	1380	231	253	269	483	22	45	103	158	97	164	93	201	301	386	494	75	108	1857	474	152	218
"SMGC_96"	250	209	826	696	2004	2536	196	387	639	260	2200	2884	3847	3174	2398	6985	26547	2020	113	143	141	155	7484	1067	1207	2653	449	625	897	1479	2391	321	597	4724	4590	703	2599	8340	4935	14855	10046	5921	416	2773	25075	6861	7831	10283	27159	19085	59410	1158	683	139	303	9969	7260	5724	3717	3978	10892	113	230	175	520	457	761	1328	461	1099	1055	608	220	1148	547	378	434	639	968	805	1859	772	1823	3873	140	231	1994	1905	3882	5127	1448	1196	510	616	957	851	3474	5033	989	1427	2864	566	322	292	256	191	50	92	213	318	298	371	195	343	242	658	1060	267	178	4185	565	150	108
"SMGC_97"	163	169	360	362	1701	3727	213	613	261	200	582	2256	9457	3577	1106	7835	5288	6027	162	157	149	147	3325	1683	2776	16901	1064	2302	2654	245	703	229	265	10622	13907	2485	11556	8075	5487	27106	32168	17658	4112	26459	145446	33517	184937	205563	236737	161997	459733	1445	758	157	439	8862	12680	6455	12211	5263	10581	162	212	243	673	953	1435	1687	1369	2619	1317	822	275	4855	2619	1140	1600	2356	3337	2236	5642	2017	4175	12177	192	244	2668	2551	5221	5731	2522	2386	3046	2640	8471	5135	125636	119425	30504	11095	81402	6616	157	154	261	173	69	114	453	413	437	713	211	218	233	290	362	238	528	6521	1572	152	96
