Group.1	1-AC-PMA	1-Abd-PMA	1-FH-PMA	1-UB-PMA	2-AC-PMA	2-FH-PMA	2-PC-PMA	2-UB-PMA	3-AC-PMA	3-Abd-PMA	3-FH-PMA	3-PC-PMA	3-UB-PMA	4-AC-PMA	4-FA-PMA	4-FH-PMA	4-PC-PMA	4-UB-PMA	5-AC-PMA	5-FA-PMA	5-FH-PMA	5-PC-PMA	5-UB-PMA	6-AC-PMA	6-FH-PMA	6-PC-PMA	6-UB-PMA	7-FA-PMA	7-FH-PMA	7-PC-PMA	7-UB-PMA	8-AC-PMA	8-Abd-PMA	8-FA-PMA	8-FH-PMA	8-PC-PMA	8-UB-PMA	9-AC-PMA	9-FH-PMA	9-PC-PMA	10-Abd-PMA	10-FA-PMA	10-FH-PMA	10-UB-PMA	11-AC-PMA	11-FA-PMA	11-FH-PMA	11-PC-PMA	11-UB-PMA
Cutibacterium acnes	6262264	7320592	4142066	2832646	1239786	2511074	212213	4271210	51863	5192227	2766980	1915663	2933664	2706324	2004588	8502416	509927	8040049	6292442	7392944	3382404	5006688	10323247	3962427	2123803	870716	704348	4127302	5319546	484589	9916631	396856	1845786	3392185	3785181	553123	1431110	929030	2170912	504291	308350	470308	3231201	2812364	309251	768613	3195374	100564	3130878
Cutibacterium granulosum	189225	110321.5	75568	1566317.5	12513	15342	5220	96992	1789	8779	1783	18226	3757	242755	51663	96089	13058	1220268	58939	37948	11918	18916	45750	16957	18169	5787	33470	22800	5357	2542	612026	5632	21553	44396	27570	8930	13569	4720	291498	4540	2427	8563	270041	912566	1104	5353	274836	1359	342337
Propionibacterium namnetense	31043.5	22225	20913.5	14538	7681	11407	3356	39006	40	42167	15746	29547	20897	20396	33730	32990	9109	34139	48419	37856	11974	51585	46714	149414	21408	40969	13450	30365	22278	4611	62810	5085	20358	42097	25495	7589	14535	4246	7377	5315	5739	5554	30912	32074	433	2290	7791	469	5242
Micrococcus luteus	2940.5	655	375.5	293.5	39215	248	16961	20985	860	67394	130	209200	1058	89848	27888	2839	56653	459	23530	93230	845	191810	9907	1748888	136609	1030717	44276	10286	97	11032	1987	26021	14834	70910	1087	27857	9003	282131	1270	1132015	22798	71610	4672	6079	3405	39241	284	12194	912
Propionibacterium humerusii	72474.5	60947.5	35907.5	19846	5679	15330	1724	10749	4080	118402	63084	26451	65991	18791	8161	45152	2140	93266	59742	76081	38483	34921	77191	10729	5083	2615	1065	35167	62094	3809	62477	1263	6130	10860	9091	1883	5008	2793	12460	2106	1844	3931	4987	1494	1426	5789	40811	599	2788
Corynebacterium aurimucosum	9846.5	1156	5064.5	282	13648	841	9256	3694	1636	50050	572	112487	328	18315	21824	4698	20287	287	8945	49277	28434	39749	3607	52118	8864	71407	1199	36590	1928	7931	2986	3937	14628	33457	1353	26635	4135	54635	1437	179122	3691	7462	15531	1756	213	3182	229	12416	149
Staphylococcus capitis	1073	46	7227	354.5	2858	1206	280	9514	119	6200	1611	27640	81	4769	3257	3933	128653	86	397	6060	681	9196	2187	9002	24423	3535	299	7193	4693	1186	2536	693	3779	5338	28223	1280	9597	4078	2968	6852	492	2158	8051	1110	481	1381	86	2260	546
Cutibacterium avidum	4697.5	3845.5	2258	8236.5	932	1340	429	1543	365	3204	1670	4395	1799	3619	2207	4485	1162	9082	6771	8947	1968	6957	5984	3262	424	1392	212	4547	3095	1318	8262	188	1949	2913	583	3017	856	675	1863	5603	1112	1356	1641	3859	62	520	3389	1777	3755
Staphylococcus epidermidis	1142.5	12	1098.5	76	2400	10598	506	8032	297	1186	346	2634	111	4896	1358	2226	995	341	286	1880	2180	3986	5316	1280	10085	678	100	3800	427	299	359	279	1433	1679	2958	605	980	1486	1571	2176	95	485	24936	455	59	344	183	1590	52
Corynebacterium accolens	1369	224	500	74	1575	14	526	455	494	2128	24	7098	27	3474	2977	399	1118	423	1062	5181	141	3023	248	2683	174	2399	42	2161	72	2620	134	550	2410	4815	162	1975	534	3679	182	6154	1176	6470	784	2036	555	27499	154	1051	331
Brachybacterium paraconglomeratum	290.5	32	35.5	12	1713	91	2099	1255	540	748	12	4079	2	27766	9907	1587	22123	347	14472	61450	5486	77248	9753	17329	1182	12598	444	1799	16	827	89	5383	5453	19478	392	7519	2820	1137	25	2582	249	9192	71	163	30	154	15	122	16
Streptococcus mitis	759.5	58	89.5	21	1409	226	1488	897	3094	1251	17	1446	7	3631	2469	3518	2113	12	608	7050	56	1390	153	4052	2852	5075	133	13283	511	1290	696	743	5405	5467	969	1321	1792	2685	76	804	149	571	40	103	19	476	5	96	10
Kocuria palustris	410	13.5	66.5	19.5	742	110	2500	1388	7	212	2	2871	6	5623	1641	151	2123	4	9660	32652	6012	27978	5613	27380	2773	17957	809	800	20	385	58	522	1066	1859	75	2042	383	1821	101	13647	1766	7948	72	280	42	372	3	139	11
Escherichia coli	2101.5	153	36.5	62	23865	46	6157	13627	564	2311	9	18365	12	9770	1573	244	76055	655	1945	9562	45	49080	402	8922	72	3335	707	2771	19	2594	7005	862	2321	1381	18	3140	659	7815	494	6936	12585	28494	197	1566	76	433	14	311	59
Staphylococcus hominis	444	23	79	22.5	444	67	197	2959	88	773	7407	3871	35	12179	1703	360	3908	37	200	1904	20	6775	257	993	220	664	36	8698	438	3150	405	443	2379	2128	274	3523	880	7073	27	6653	589	913	277	294	48	323	2	317	20
Corynebacterium amycolatum	398.5	115	69	23	1164	18	3859	319	2	1096	4	2376	8	1286	1739	68	1896	20	314	1474	6	4194	91	2696	83	4513	37	1214	22	748	116	1461	7532	13831	107	101828	1027	2464	16	6885	588	391	37	66	94	1104	8	2034	40
Dermacoccus nishinomiyaensis	519.5	112	13	5.5	2501	21	794	619	21	782	4	7648	0	3067	1127	97	1017	2	354	290	8	9382	61	247068	22638	146375	5781	6212	12	1959	303	564	1484	1907	30	2672	775	1683	203	1623	2372	17925	100	528	16	394	10	241	10
Rothia dentocariosa	1144.5	164	100	105.5	3916	137	9387	1482	16781	11965	15	2628	9	15160	5471	9813	5329	623	3149	21682	145	5196	1098	6442	1059	12635	103	2358	79	9524	248	261	1342	2085	140	591	372	712	26	681	668	510	93	72	14	196	1	35	1
Mycobacterium mucogenicum	226	89.5	11.5	16.5	2565	40	2298	971	7	1993	8	11127	7	1134	1345	55	1060	21	168	1056	2	1549	208	1947	89	1689	43	3664	11	1096	464	569	794	1464	57	791	615	1235	15	14052	202	958	207	2628	104	1236	2	437	27
Kytococcus sedentarius	253.5	91	30	15	2515	20	2820	787	6	958	0	5492	6	2940	787	142	2333	7	15369	75441	988	149440	10479	5831	329	2771	112	809	19	567	71	219	341	795	24	536	248	2112	41	24088	769	2458	359	555	39	293	3	104	13
Actinomyces oris	196	19.5	28.5	36	1503	101	54	2485	0	513	3	1075	1	4910	2910	6152	1560	36	2199	15095	138	3433	1307	1672	590	2431	20	1932	77	987	238	291	687	1378	77	651	200	567	3	711	61	1017	88	49	11	251	2	51	5
Rothia mucilaginosa	1723	496.5	176.5	183.5	5445	142	12891	2739	31916	16367	21	10236	16	10003	1480	419	3243	203	1987	3650	36	7287	213	5027	419	11690	82	4342	83	13626	578	286	3345	1737	360	741	381	828	9	292	0	215	29	56	0	45	1	103	2
Lawsonella clevelandensis	204	60.5	89	16.5	390	5	903	92	1	1	3	534	1	862	1869	292	1057	2	268	2018	47	2562	194	3585	1344	1303	93	908	22	665	246	716	3291	4373	74	28015	1112	1278	37	826	94	394	23	31	23	559	305	924	20
Corynebacterium afermentans	872	53	86.5	32.5	422	17	901	152	1455	25585	43	51173	148	4625	2465	836	13426	225	689	4844	8	6612	148	3145	91	1812	48	3258	39	1948	241	448	1185	1953	62	2382	405	9598	33	24023	166	514	208	253	9	85	4	266	8
Brevundimonas diminuta	205.5	23	7.5	6.5	3204	7	4701	249	666	1628	3	1557	9	2421	1327	71	3828	67	283	929	4	2360	40	650	14	586	134	825	21	890	466	445	806	1414	27	985	350	988	77	6263	444	1992	77	231	28	384	2	325	11
Paracoccus yeei	145.5	26.5	12	18	4959	13	536	183	86	2535	5	7487	55	1933	1227	62	1505	89	1171	4510	10	7814	453	1959	56	725	29	479	14	227	75	361	1172	1442	46	1199	785	612	14	901	202	763	777	2035	60	884	2	205	31
Moraxella osloensis	135.5	31.5	15.5	6	997	7	324	168	1135	27999	36	24072	677	768	511	30	497	0	321	2446	5	6325	272	422	41	822	18	270	3	166	22	243	750	963	30	492	404	212	13	669	282	331	208	322	61	849	7	307	24
Corynebacterium simulans	223	26	40.5	20	328	8	503	93	6	5988	21	12781	82	808	1442	194	4526	36	78	368	41	1415	38	816	71	695	36	874	11	751	53	210	789	1887	26	1502	243	16418	66	65867	635	307	688	369	4	111	2	105	4
Pseudomonas stutzeri	353	27.5	5	8.5	70002	145	28759	9681	3202	12446	37	37886	39	6655	1231	50	2311	73	861	4056	9	8115	283	12341	168	3633	154	36766	73	6913	1540	601	2328	2183	35	944	460	1380	19	910	2084	1848	23	127	10	194	3	77	24
Mycobacterium iranicum	153.5	25.5	4	11	502	4	182	523	3	141	2	1175	9	1822	1079	25	366	0	1169	2460	10	2910	521	310	15	579	26	14291	55	3079	1021	184	459	563	6	201	195	403	24	3407	68	1354	41	263	413	4818	1	446	76
Brachybacterium muris	157.5	30	86	107	429	28	1006	304	329	2938	4	604	4	970	624	58	491	14	1756	7447	128	17555	979	2343	132	1466	55	369	4	1	36	106	276	507	13	289	142	472	3	1916	808	1893	1067	827	361	5042	28	1215	92
Lactobacillus crispatus	254	62.5	66	28.5	1396	87	6641	1065	1	459	0	441	0	2221	4945	423	10938	119	323	2557	15	14639	184	619	62	662	2	5989	83	5499	285	2630	25287	31919	994	174080	7811	195	6	553	233	676	11	46	19	153	3	119	6
Acinetobacter ursingii	194	5	33	3.5	680	12	219	260	210	8942	14	22437	43	1158	1093	211	839	1	112	146	0	642	6	2139	180	1411	52	1800	80	463	291	645	2161	4209	248	1765	913	501	58	478	513	1097	203	398	8	114	5	61	6
Streptococcus oralis	248	9	40	10.5	692	75	244	1471	92	243	2	157	3	2352	2715	9085	2471	5	520	10453	64	876	328	940	646	1652	36	3023	132	456	163	175	1233	1556	162	488	428	530	6	619	0	121	31	42	6	147	8	61	2
Xanthomonas campestris	273.5	25.5	9.5	12.5	1422	184	1619	3232	29	615	6	2642	0	1439	1410	167	734	10	793	169742	98	1376	155	768	22	1065	3	1039	44	509	145	471	872	2358	64	2336	267	1201	23	476	2790	1915	17	70	36	704	3	103	18
Paracoccus sp. 228	159.5	29	22	16.5	965	9	241	277	1462	2825	0	1927	24	8642	1282	68	1136	0	479	3065	73	6873	496	1396	26	663	13	179	9	363	47	336	3997	1005	48	650	157	523	13	486	974	1107	12	33	32	562	3	180	4
Finegoldia magna	238	116.5	187	20	345	6	3991	79	1	144	4	769	5	1131	1041	97	1751	4	77	554	4	1879	29	233	26	214	5	989	17	448	36	433	4317	4763	148	25616	1215	329	10	1573	956	144	92	185	9	212	5	4236	19
Veillonella parvula	317.5	21.5	20.5	10	1220	72	1471	2922	1096	805	0	664	4	896	366	346	419	29	1040	7984	108	1500	857	1111	625	1143	52	1205	53	230	80	31	226	255	20	195	97	862	13	260	53	166	84	79	4	154	5	103	7
Corynebacterium minutissimum	171	19.5	34.5	8	217	19	183	194	252	27772	63	42609	114	318	423	27	488	0	147	664	19	2274	51	5260	423	9252	184	482	8	286	40	37	261	316	5	1991	97	1739	17	9294	0	237	31	63	4	66	5	267	3
Haemophilus parainfluenzae	161	18	22	3.5	1141	81	727	1161	1474	784	8	680	16	1071	465	363	518	97	106	1864	3	367	70	4827	1863	3259	87	2662	81	888	114	42	557	547	61	205	230	2011	7	467	0	151	58	70	19	619	18	134	6
Janibacter hoylei	79	14	5.5	12	3222	5	290	186	3	731	2	1145	6	2270	583	40	688	48	3990	17862	114	53826	2153	1227	32	323	13	484	11	83	32	233	432	637	15	949	290	256	7	453	243	601	163	210	39	530	3	146	15
Stenotrophomonas maltophilia	163.5	16	9	6.5	1762	12	2048	560	324	3960	16	7139	20	3004	2124	88	631	43	212	586	2	1378	53	1955	38	947	117	4657	42	747	246	527	1196	1820	131	2503	321	432	27	492	316	1250	14	108	11	121	1	90	8
Brevundimonas nasdae	141	10.5	5.5	3	6671	35	36062	1033	1	3009	0	2453	4	4548	2233	118	3256	45	188	739	10	2033	115	231	19	294	3	395	24	4514	30	422	757	1450	23	952	483	237	50	871	562	397	35	73	18	420	1	125	5
Corynebacterium ureicelerivorans	1214.5	39	52	28.5	211	4	153	171	4	948	4	4511	8	548	613	76	1007	58	4713	73699	112	8467	1358	887	31	366	2	395	6	210	35	84	82	316	1	875	80	727	6	2372	63	188	49	133	11	195	0	151	1
Corynebacterium genitalium	208	3	14	30.5	978	1	129	39	153	1448	2	6461	12	1161	2005	240	10339	241	97	426	3	389	24	332	32	414	15	246	10	2	14	691	846	4833	31	1468	540	465	4	1090	479	507	131	244	5	61	2	75	1
Porphyromonas somerae	952	200	48	119	3043	56	7901	1540	10357	7251	3	2537	11	6354	1028	254	2071	153	569	1460	12	2421	32	2920	320	4521	39	2984	68	7896	253	20	363	424	28	156	154	988	0	92	197	1	6	0	2	49	1	64	4
Corynebacterium jeikeium	165.5	111.5	67.5	7.5	262	15	44	172	2	4913	20	10357	32	1314	254	34	306	0	114	680	145	2456	57	1081	55	1570	25	5681	61	5087	450	34	180	257	7	614	68	1963	331	5039	62	125	161	14	0	42	1	62	79
Streptococcus thermophilus	353	21	113.5	24	285	8	0	122	194	158	2	256	2	1059	746	195	957	1	174	854	21	813	61	840	194	1091	28	1931	29	421	108	334	9515	6087	1338	880	1105	85	9	698	219	702	32	61	7	44	0	8	3
Actinomyces odontolyticus	249	35	21.5	11.5	648	62	754	1414	3782	2840	2	769	0	2141	999	1503	590	0	95	270	6	632	26	1230	103	199	15	702	19	577	43	118	293	530	17	235	105	868	1	215	141	159	23	19	3	108	2	134	2
Paracoccus sphaerophysae	248	36	36	23.5	605	9	358	57	0	26	5	386	6	381	198	42	199	18	417	1307	13	4143	192	488	17	237	20	159	15	79	192	102	195	317	16	344	115	162	25	2767	120	331	308	498	65	921	9	230	32
Streptococcus sanguinis	153	8.5	17.5	15.5	1472	84	114	2487	2	83	0	374	0	584	308	477	218	0	245	6938	39	796	282	2935	1009	1749	97	1500	50	388	90	26	383	574	83	179	176	282	4	110	16	42	17	20	7	92	0	18	7
Sphingomonas sp. Ag1	221	31.5	5.5	15	1694	20	646	689	2088	2801	2	3018	3	4286	2462	188	3546	206	290	473	3	1392	32	1423	28	1009	18	1147	7	771	91	1292	3722	4801	59	2388	1784	455	27	1872	782	965	33	46	10	72	0	52	3
Staphylococcus haemolyticus	90	1	44	8	244	43	105	168	1	741	47	5394	26	411	170	69	534	33	65	221	8	2695	74	1137	331	1828	33	287	9	208	38	56	429	337	19	1802	181	886	7	1854	255	494	274	247	2	55	6	208	13
Kocuria rhizophila	44	15	3.5	8.5	172	7	495	111	8	2	0	1209	0	1103	442	45	944	1	2318	12932	1378	15765	1887	1428	80	716	39	267	2	6	13	113	250	445	2	259	198	296	2	840	566	940	196	443	8	50	2	26	4
Brevibacterium casei	68.5	8	2	5.5	403	38	383	926	4	1	1	339	0	5414	3315	306	8044	36	305	2167	53	3336	266	825	45	455	20	1516	3	1100	56	2101	1813	7958	88	3070	947	1063	4	9197	48	888	11	11	56	543	1	136	9
Streptococcus infantis	164.5	4	30.5	3.5	500	44	490	273	636	456	0	165	6	1162	573	1321	531	0	100	1036	19	272	75	1017	312	1028	29	1574	54	213	127	69	688	550	112	317	210	580	8	154	101	8	20	53	1	80	3	110	2
Staphylococcus saprophyticus	63.5	1	22	3	424	87	138	159	1	0	4	517	0	4374	2050	284	4244	24	80	1303	78	1795	214	712	136	492	6	533	17	13	79	359	806	2237	202	598	1923	511	9	1571	0	10111	35	65	1	79	7	66	7
Kocuria kristinae	88.5	202.5	156	1725	107	4	206	66	101	427	0	172	3	735	557	78	247	124	21	180	8	278	25	405	47	203	126	145	10	1	13	83	472	1121	42	454	179	572	8	1163	136	106	6	42	0	16	3	13	20
Morococcus cerebrosus	79.5	42	11	10	289	33	3390	528	22717	2925	3	455	0	2257	431	261	913	73	150	1108	4	915	24	1282	389	1056	21	876	16	300	44	207	847	867	101	137	118	177	9	84	47	61	5	16	1	16	0	75	1
Varibaculum cambriense	100	72.5	99	11	121	2	4457	41	0	0	0	159	0	313	1074	71	1417	38	56	332	1	1376	20	55	7	3	0	321	6	98	18	517	3862	4382	107	33002	777	7	0	463	1	1947	4	0	10	221	3	3818	7
Pseudomonas oryzihabitans	273.5	14.5	4.5	3	270	5	153	183	6	8368	19	36490	128	1222	504	24	463	0	99	358	2	1076	74	584	44	274	16	846	7	176	106	101	337	235	27	95	72	148	9	459	7	457	22	153	12	87	4	35	4
Acinetobacter johnsonii	76	7.5	4	7.5	863	0	959	147	78	951	0	1757	18	354	310	34	444	0	60	189	0	497	12	611	23	891	25	1337	36	223	77	256	1037	1171	281	557	665	241	15	461	64	275	69	213	10	81	0	51	3
Staphylococcus warneri	74	4	42.5	19	688	169	24	253	0	342	34	2364	19	805	187	38	3836	0	259	1278	50	28940	171	449	205	440	10	530	20	377	63	34	91	160	15	146	334	491	5	144	19	274	57	86	26	187	5	63	11
Corynebacterium jeddahense	59	17	6	2	248	11	128	75	5	1034	3	3126	6	358	316	66	1097	22	25989	159613	115	46715	2939	13194	341	4661	278	545	7	606	20	31	218	449	2	1444	80	681	2	2061	42	25	22	33	1	20	0	14	0
Lautropia mirabilis	58.5	11	6.5	2	3394	96	561	4132	2	79	2	411	1	644	813	542	208	2	120	2078	20	427	43	1325	604	1181	41	1417	88	287	139	61	484	763	90	306	98	37	3	92	356	277	7	5	8	84	2	43	0
Prevotella melaninogenica	380	3.5	19.5	3	562	109	86	1629	66	141	0	81	2	718	261	69	266	2	130	630	9	298	83	587	603	437	20	675	31	260	17	37	119	226	9	66	108	2005	0	129	95	158	12	63	0	43	3	149	4
Pseudomonas luteola	64.5	4.5	1.5	2.5	410	5	183	156	3	3050	7	7661	588	1029	627	45	1379	73	32	82	0	327	12	1231	67	1075	57	342	2	245	18	65	445	637	29	485	207	3550	18	15330	0	145	16	77	6	86	1	40	4
Kocuria salsicia	139	6	163.5	52	223	5	132	91	2	0	1	259	0	229	181	36	199	21	476	2429	259	2889	381	820	45	594	14	77	0	44	15	35	98	134	5	258	44	113	0	231	81	301	933	1197	352	655	2545	39	435
Corynebacterium durum	151	6	23	1.5	288	36	94	348	1	0	0	198	0	2738	1883	1348	797	0	198	2444	16	464	175	266	11	628	13	886	31	1427	95	289	733	1680	82	240	332	19	12	113	61	97	7	25	3	78	0	6	0
Paracoccus sanguinis	54	15.5	14.5	8	157	7	343	134	2	674	2	588	5	358	327	22	314	34	2638	9011	33	23667	1305	937	23	355	17	233	12	0	32	143	208	312	8	280	145	70	4	1459	173	566	84	181	12	156	5	52	8
Corynebacterium singulare	109.5	30.5	11.5	3.5	180	13	19	154	42	4730	15	7666	10	342	156	13	153	0	91	332	70	1000	64	998	90	1802	20	232	2	287	15	23	82	268	3	797	31	1820	2	7851	2	997	41	63	1	61	0	91	4
Dietzia maris	280.5	48	20.5	39.5	331	11	176	85	664	258	6	456	9	2331	931	63	956	22	120	675	12	850	93	3248	141	1683	86	142	9	5	64	140	364	850	21	404	275	218	15	629	18	460	38	57	1	83	10	21	10
Streptococcus parasanguinis	377	32.5	30	19.5	332	33	297	189	597	347	1	618	0	392	367	250	405	0	103	712	11	159	60	492	190	636	21	1188	36	61	64	14	208	335	37	89	113	371	11	85	117	38	13	29	0	21	0	114	0
Enhydrobacter aerosaccus	47.5	23.5	10.5	2	123	7	125	108	2	3158	1	3423	76	361	252	13	333	0	161	1289	9	3557	122	252	20	626	5	53	3	10	7	110	289	487	15	321	267	105	0	211	38	156	127	137	16	223	0	61	5
Corynebacterium xerosis	34	0.5	20.5	50.5	158	2	498	64	241	38	0	1057	0	118	221	11	110	0	815	5235	66	10611	920	1643	117	868	18	192	4	73	10	14	106	160	0	253	29	265	11	250	29	71	167	230	18	52	152	15	22
Streptococcus gordonii	35	0.5	7.5	0.5	220	20	64	235	0	132	2	138	0	159	390	1201	264	0	144	3138	11	252	106	330	116	328	8	1038	59	205	49	52	62	275	20	206	60	113	23	52	11	153	8	2	0	33	0	46	0
Actinomyces johnsonii	138	12	19.5	16.5	550	20	256	1070	564	6	2	282	0	622	185	311	63	14	512	2517	26	729	403	561	98	433	15	525	14	194	53	20	76	166	9	103	30	169	0	97	59	131	47	24	5	29	1	4	2
Dermabacter vaginalis	43	3.5	4	1	209	27	997	289	323	5413	24	16100	38	38	115	9	205	2	18	87	1	241	12	562	25	820	12	181	4	49	10	12	48	74	3	247	28	857	63	5877	443	66	79	76	3	13	0	53	2
Neisseria mucosa	132	2	24	6.5	360	84	20	437	454	302	0	399	0	732	303	234	232	0	37	225	0	92	14	107	55	84	6	1055	45	218	40	101	654	611	43	166	131	657	4	75	1	132	9	7	1	117	2	26	3
Kocuria marina	145	1.5	6.5	4	480	48	1845	657	1	234	1	376	2	869	1003	558	334	0	1492	4631	1669	1601	563	661	29	355	6	150	0	0	8	73	312	268	8	143	87	104	10	430	27	45	11	50	1	9	1	23	0
Brevibacterium linens	83.5	2.5	1.5	1.5	298	1	392	23	0	80	1	295	1	1895	4291	116	733	5	98	265	8	305	68	184	9	118	2	311	8	69	57	315	1594	1757	49	1423	256	105	13	221	1040	866	9	59	19	70	1	75	3
Corynebacterium matruchotii	151	9.5	37	3	673	39	218	1752	321	383	1	177	0	1449	116	30	78	101	657	2331	56	1049	321	281	42	255	3	1021	30	36	90	16	103	86	13	28	11	516	11	517	0	119	36	11	2	60	0	19	0
Peptoniphilus rhinitidis	114	8.5	125.5	13	860	4	63	23	0	0	0	151	1	185	269	115	175	0	66	160	0	227	17	370	410	226	13	665	47	135	54	9	211	183	11	846	105	142	112	331	309	417	32	276	2	3	0	35	0
Streptococcus salivarius	292	7.5	22	9.5	215	3	243	97	1114	348	0	456	0	307	111	212	183	0	94	603	6	419	37	472	149	722	14	687	9	321	30	26	171	223	23	138	68	493	0	211	333	211	19	23	4	80	1	90	6
Turicella otitidis	65	19.5	38	22	101	6	259	38	1	1781	35	4412	19	5355	6100	1689	2939	326	101	238	7	333	36	189	5	65	3	460	28	234	21	281	807	3240	64	432	535	1160	3	94	0	219	1	9	9	120	8	27	18
Neisseria elongata	506.5	61.5	11	19.5	1391	20	2112	988	15537	3633	5	757	1	462	165	74	806	217	509	6132	8	1558	119	922	115	1486	21	796	4	1372	59	15	222	279	24	143	42	7	0	40	0	1	19	11	3	36	1	9	0
Xanthobacter autotrophicus	46.5	29.5	0.5	4.5	148861	688	774384	20162	93	47	0	1214	3	690	167	14	189	1	61	72	1	510	5	317	3	720	2	167	2	227	8	37	87	206	5	187	45	557	6	433	123	475	31	46	1	64	0	25	1
Lactococcus lactis	207.5	12	22.5	2.5	288	10	73	229	1	80	0	205	1	250	530	37	428	1	128	701	15	2644	36	986	178	956	21	1429	19	284	66	105	666	648	47	199	236	0	20	156	280	1215	15	39	5	42	0	14	2
Actinomyces massiliensis	57.5	4	10	4	150	16	84	463	0	4	0	182	1	580	65	30	57	0	1170	6598	82	1943	735	270	31	252	4	380	19	1996	57	61	29	124	3	166	35	239	0	423	193	167	25	30	2	18	4	100	0
Brevibacterium mcbrellneri	18	33.5	57	1485	14	1	1159	87	1	1229	2	7468	10	229	306	20	1119	928	67	172	3	211	18	678	32	322	21	50	2	1	7	79	693	860	17	12689	109	325	3	620	0	0	14	78	2	14	1	6	0
Corynebacterium pyruviciproducens	193.5	73	171	15.5	72	6	2244	68	2	232	0	1799	1	260	286	16	486	3	32	41	0	126	4	35	4	3	3	425	7	657	38	28	188	260	1	388	44	55	4	1271	53	0	35	35	0	8	1	8	0
Anaerococcus prevotii	262	89.5	115.5	16	217	2	2968	30	0	2	0	102	2	296	330	38	741	0	32	248	3	762	12	43	6	6	0	141	1	1	2	132	1019	1180	28	6227	350	119	7	140	59	84	17	56	3	91	0	655	5
Abiotrophia defectiva	259.5	6	12	16	141	0	1418	8	1632	969	0	56	1	391	562	1376	430	0	85	431	8	170	12	835	214	1041	22	1775	85	777	106	93	376	518	45	54	100	20	0	132	0	56	2	0	0	35	0	4	1
Corynebacterium kroppenstedtii	55.5	2	19.5	0	134	19	407	132	0	2	0	171	1	1364	81	35	13	3	671	3021	9	2027	163	1105	47	296	35	1534	77	25	131	11	149	101	0	40	12	386	16	302	81	1598	2	21	4	44	0	74	1
Actinobaculum sp. oral taxon 183	52	4	8	2.5	382	14	277	2121	0	76	0	31	1	97	362	66	114	0	725	2568	46	999	579	230	31	822	4	59	3	13	9	116	164	338	18	192	27	543	0	55	20	156	44	17	5	40	0	2	1
Prevotella timonensis	94.5	27.5	81	4.5	97	9	6394	56	1	75	3	715	6	87	491	21	469	38	41	275	0	1831	21	14	16	78	0	318	5	108	30	300	2129	1847	97	14846	625	26	0	264	0	0	0	0	18	173	8	6237	11
Actinomyces sp. oral taxon 448	22.5	3	4	2.5	515	12	13	893	0	258	1	200	0	730	112	91	90	2	1594	4039	91	2387	829	199	11	418	2	91	0	0	7	34	53	55	2	83	18	1	0	1503	0	157	29	32	7	119	0	43	3
Granulicatella adiacens	167	1.5	9	2	159	19	0	450	0	87	1	57	0	258	194	713	437	50	152	1979	17	650	119	523	175	505	12	512	20	172	25	26	348	178	21	102	67	257	0	40	0	0	3	13	1	19	0	20	3
Prevotella bivia	51.5	20	72.5	3	86	6	1038	51	0	246	0	122	0	686	1086	10	1429	52	14	35	2	165	9	6	12	84	0	690	10	297	17	67	741	690	34	3283	207	51	0	136	0	107	26	9	4	17	0	85	1
Pseudonocardia autotrophica	86	10.5	3.5	14.5	134	5	249	88	10	184	3	618	2	5052	13157	80	553	7	114	420	3	534	44	490	25	302	10	288	10	45	10	43	351	337	10	103	90	146	2	8788	346	220	11	5	4	35	0	21	1
Pseudomonadales bacterium RIFCSPHIGHO2_12_FULL_40_16	35.5	4.5	1.5	2	153	1	141	24	1	241	0	429	1	194	145	18	321	0	68	150	1	78	0	135	5	596	6	946	25	314	43	159	816	679	278	271	555	223	3	138	87	168	69	174	6	35	0	20	0
Acinetobacter sp. BMW17	61	1	2.5	2.5	210	0	77	29	0	95	1	453	3	284	157	18	160	0	29	142	0	87	6	39	19	406	3	997	16	484	32	133	907	629	235	313	474	177	0	234	174	219	95	220	5	38	0	25	3
Corynebacterium glucuronolyticum	48	14.5	9	2	82	7	169	28	1	0	0	304	0	0	71	46	127	0	169	352	1	335	13	108	4	48	1	133	1	19	13	14	92	42	2	371	26	783	69	6006	1144	613	310	359	0	25	1	29	3
Corynebacterium lipophiloflavum	44	5.5	9	2	116	2	77	27	0	90	3	405	1	147	167	16	297	20	619	4012	23	4071	352	2402	138	1677	71	104	2	1	12	76	88	185	6	184	21	326	7	3168	78	136	13	6	0	26	0	9	0
Mycobacterium chelonae	45.5	3.5	2	3	87	6	36	14	116	25	1	272	0	6696	16866	45	502	3	39	422	1	349	50	206	8	365	5	619	7	186	24	34	101	76	0	10	21	122	14	5402	0	196	2	9	4	27	3	20	1
Staphylococcus equorum	4	1	15	1	63	7	39	45	0	0	5	516	0	1359	2042	91	776	0	6	69	1	128	55	93	0	225	0	315	7	281	21	170	502	788	47	217	339	158	0	347	23	158	24	6	3	25	0	10	1
Anaerococcus provenciensis	46	7.5	44	4.5	146	1	256	9	0	40	0	229	0	117	137	9	155	0	10	29	0	454	6	35	13	155	1	393	22	162	27	23	217	341	9	2596	91	58	9	258	62	21	20	63	0	16	0	43	0
Prevotella buccalis	50	14	12.5	5	334	4	3829	22	0	0	0	162	0	0	253	14	342	0	11	52	0	286	4	56	12	234	2	395	15	278	42	172	980	812	34	8746	226	94	4	713	218	69	7	83	4	21	0	492	1
Staphylococcus lugdunensis	13.5	0.5	6.5	2.5	15	4	1150	52	0	276	0	2173	4	387	106	39	590	0	7	40	0	1341	10	332	54	742	5	208	7	131	10	79	240	362	133	298	185	27	0	19	6	38	18	21	18	190	9	59	3
Psychrobacter alimentarius	29.5	2	1.5	2.5	3	1	0	6	0	90	0	29	0	960	5539	96	1117	5	54	742	24	2205	209	40	1	346	0	1124	29	133	39	146	599	913	40	455	356	0	8	93	13	35	20	3	0	4	0	2	1
Aerococcus viridans	5.5	2	5.5	3	15	9	1	33	21	0	2	39	0	2231	1867	146	4327	90	54	42	3	127	15	186	24	28	1	123	4	1	12	338	1153	2533	68	870	1037	38	2	60	310	69	0	36	0	17	0	0	1
Peptoniphilus grossensis	38.5	14	6.5	4	6	5	1864	19	0	0	1	127	0	130	265	13	325	0	17	286	1	1290	15	10	3	144	1	113	1	106	8	130	1224	1474	44	11709	412	45	0	155	20	83	2	0	6	64	3	1117	9
Porphyromonas bennonis	48	21	6.5	1	10	2	2949	22	0	0	1	227	1	124	467	19	537	2	13	0	0	426	1	99	4	197	3	53	0	113	0	116	1304	1398	21	29789	289	0	0	56	43	0	0	0	2	59	0	123	0
Psychrobacter sp. TB15	1797	188.5	29	261.5	101	1	166	14	0	0	0	68	0	1607	953	38	728	1	81	503	2	1946	76	40	2	87	11	375	6	5	5	163	433	686	14	227	191	0	0	28	11	31	0	0	1	5	1	2	0
Peptoniphilus harei	123	53.5	62	9	67	7	1959	21	0	0	0	11	3	266	476	16	638	0	5	9	0	130	2	7	5	13	1	191	5	177	31	22	516	832	21	5650	203	4	0	24	0	18	5	26	1	5	0	115	0
Streptococcus intermedius	23	1	10.5	2	143	6	58	599	0	72	0	111	0	201	44	37	39	0	264	1782	28	545	304	45	16	26	0	86	1	0	14	7	26	39	2	163	11	74	0	7	0	81	24	0	4	27	0	131	0
Prevotella corporis	21.5	11	9	3	108	10	5758	51	0	0	0	49	3	80	154	18	1288	0	63	503	6	4070	36	7	12	0	3	55	1	166	5	119	402	530	15	3578	136	107	5	8	0	0	9	16	0	118	0	1150	0
Staphylococcus pettenkoferi	44.5	0	8	2	22	25	63	129	6	930	33	14916	12	120	34	6	68	0	17	25	4	169	8	77	489	93	4	34	9	2	9	0	18	82	6	11	10	7	29	86	0	174	17	16	8	4	5	1	0
Levyella massiliensis	6.5	5	1.5	2.5	51	4	6320	36	0	0	0	94	0	0	445	10	544	10	0	0	0	19	0	113	1	271	0	278	2	226	10	192	1190	1297	18	16221	189	253	0	781	0	0	3	5	6	68	0	326	9
Lactobacillus jensenii	42.5	13	10.5	0.5	505	10	1985	85	2	0	0	53	0	123	151	13	382	0	0	28	0	25	2	9	2	96	0	1585	9	949	67	52	406	749	17	3037	132	0	3	0	0	0	1	0	1	12	0	15	0
Anaerococcus obesiensis	20.5	8	14	3	9	2	877	12	0	0	0	14	0	155	190	6	434	0	19	16	0	116	0	0	3	107	0	32	0	20	4	50	605	728	14	6181	220	34	4	222	0	0	0	13	5	46	0	529	7
Acinetobacter lwoffii	8	1	0.5	0	35	0	16	18	4	103	0	333	3	81	25	2	58	0	11	42	0	32	0	17	3	141	0	241	16	135	18	32	177	124	62	43	99	14	0	20	118	152	16	46	0	31	0	8	0
Varibaculum sp. Marseille-P2802	5	1	3	0.5	22	2	760	15	0	154	0	236	0	126	49	3	118	18	11	60	1	225	3	20	0	0	0	19	0	19	3	55	512	440	9	3056	44	47	0	111	0	59	7	12	1	35	1	309	3
Shigella flexneri	24.5	5.5	0.5	1.5	493	0	142	239	0	196	0	507	0	313	62	7	1860	1	116	236	1	1368	11	144	0	180	4	51	1	251	159	36	72	43	1	68	29	52	24	187	118	688	11	27	1	6	0	13	1
Prevotella copri	2.5	0.5	4	0.5	110	0	32	15	0	0	0	2	0	307	157	18	566	0	74	538	3	3438	25	9	5	57	1	11	0	9	1	40	80	197	5	197	70	16489	6	995	0	0	1	7	1	20	0	8	0
Staphylococcus sp. DORA_6_22	22.5	0	2.5	0	6	93	3	78	0	7	5	37	0	14	6	10	10	0	2	38	23	56	53	20	318	88	2	30	8	17	4	6	20	17	13	0	3	11	27	94	43	0	111	3	0	5	3	13	0
Tissierellia bacterium S7-1-4	5.5	2.5	2	1.5	30	7	5960	59	0	6	0	80	2	31	142	3	131	0	11	14	0	65	0	2	1	2	0	19	0	6	2	52	674	616	10	6209	157	48	7	166	0	104	1	1	0	5	0	54	2
Lactobacillus delbrueckii	107.5	1.5	28	4	0	1	0	5	6	0	0	34	0	437	265	17	2629	0	1	1	0	47	13	246	0	206	0	1145	43	133	27	320	3462	2669	692	1157	266	17	0	27	0	83	0	0	0	16	0	6	2
Peptoniphilus lacrimalis	5.5	6.5	9	1.5	2	1	992	0	0	0	2	148	0	63	177	5	207	0	4	32	0	140	2	17	4	3	1	34	1	0	0	26	645	641	14	8170	215	0	1	39	0	1	1	0	3	21	0	313	6
Bifidobacterium breve	14.5	0.5	1.5	6.5	98	0	0	32	0	0	0	28	4	0	13	4	20	0	9	23	0	26	7	53	1	2	1	27	2	0	3	0	32	21	1	23	7	47	0	4	0	119	10	0	5	320	4	5372	21
Shigella dysenteriae	32.5	4	0	0	363	4	7	281	0	3	0	270	0	59	15	9	1093	8	21	84	1	731	1	96	3	106	7	54	0	19	115	2	14	27	0	67	17	103	11	164	116	818	8	29	1	5	1	9	0
Staphylococcus sp. HMSC062B11	86.5	0.5	7.5	0	33	56	2	52	0	0	6	1	1	0	4	6	105	1	0	12	7	79	19	41	66	0	0	57	6	0	1	2	16	26	18	0	1	8	14	14	0	0	73	1	1	0	2	38	0
Facklamia hominis	0	0	3	0.5	0	3	369	3	0	0	0	52	0	4	109	13	96	10	9	4	0	57	1	0	0	0	0	102	2	143	3	58	281	524	12	4201	115	0	0	0	0	0	0	0	0	1	0	1	0
Peptoniphilus sp. oral taxon 375	3.5	1.5	3.5	1	39	0	659	0	0	26	0	39	0	62	106	1	65	0	4	16	0	66	2	1	0	2	0	17	0	1	0	44	271	363	4	3412	67	0	0	30	0	0	0	8	0	2	0	20	0
Lactobacillus iners	265.5	79	61	12	0	0	58	2	0	11	0	13	0	71	0	2	1	0	0	30	0	55	0	4	1	0	6	14	1	1	379	0	10	21	0	2	8	29	2	0	0	5	0	11	49	381	0	254	25
Kallipyga massiliensis	2	2	3.5	1	1	0	170	0	0	0	0	28	0	241	417	14	343	0	0	0	0	105	4	16	2	2	1	23	0	0	0	228	1003	1470	10	22933	288	42	0	8	0	0	0	8	0	3	1	7	0
Arcanobacterium haemolyticum	0	0.5	1.5	0	0	0	68	0	0	0	0	0	0	0	3	6	40	0	0	17	0	0	0	4	0	39	0	0	0	0	3	0	18	26	0	129	7	123	0	457	70	0	5	41	0	0	0	46	0
Actinomyces neuii	1.5	1	1	0.5	54	1	0	0	0	0	0	0	0	0	0	1	0	0	1	0	0	2	2	5	0	0	0	2	0	0	1	0	0	4	0	15	0	0	2	22	0	0	0	0	0	0	0	6	0
Actinomyces sp. HMSC08A01	0	0.5	0	0	0	0	0	0	0	0	0	11	0	0	0	0	0	0	1	12	0	0	0	4	0	0	0	1	0	0	0	0	1	14	0	21	0	0	0	53	0	0	0	0	0	0	0	12	0
